CoinA,CoinB,profit,std,total_trades
ZENUSDT,GHSTUSDT,0.0,0.0,0
ZENUSDT,MBOXUSDT,0.0,0.0,0
ZENUSDT,SANDUSDT,0.0,0.0,0
ZENUSDT,ZRXUSDT,0.0,0.0,0
ZENUSDT,ENJUSDT,0.0,0.0,0
ZENUSDT,ICPUSDT,0.0,0.0,0
ZENUSDT,SCRTUSDT,0.0,0.0,0
ZENUSDT,JASMYUSDT,0.0,0.0,0
ZENUSDT,GALAUSDT,0.0,0.0,0
ZENUSDT,MEWUSDT,0.0,0.0,0
ZENUSDT,SYSUSDT,0.0,0.0,0
ZENUSDT,APEUSDT,0.0,0.0,0
ZENUSDT,KSMUSDT,0.0,0.0,0
ZENUSDT,CELOUSDT,0.0,0.0,0
ZENUSDT,MEUSDT,0.0,0.0,0
ZENUSDT,1MBABYDOGEUSDT,0.0,0.0,0
ZENUSDT,COWUSDT,0.0,0.0,0
ZENUSDT,TRBUSDT,0.0,0.0,0
ZENUSDT,XAIUSDT,0.0,0.0,0
ZENUSDT,KDAUSDT,0.0,0.0,0
ZENUSDT,AEVOUSDT,0.0,0.0,0
ZENUSDT,MASKUSDT,0.0,0.0,0
ZENUSDT,GHSTUSDT,0.0,0.0,0
ZENUSDT,MBOXUSDT,0.0,0.0,0
ZENUSDT,SANDUSDT,0.0,0.0,0
ZENUSDT,ZRXUSDT,0.0,0.0,0
ZENUSDT,ENJUSDT,0.0,0.0,0
ZENUSDT,ICPUSDT,0.0,0.0,0
ZENUSDT,SCRTUSDT,0.0,0.0,0
ZENUSDT,JASMYUSDT,0.0,0.0,0
ZENUSDT,GALAUSDT,0.0,0.0,0
ZENUSDT,MEWUSDT,0.0,0.0,0
ZENUSDT,SYSUSDT,0.0,0.0,0
ZENUSDT,APEUSDT,0.0,0.0,0
ZENUSDT,KSMUSDT,0.0,0.0,0
ZENUSDT,CELOUSDT,0.0,0.0,0
ZENUSDT,MEUSDT,0.0,0.0,0
ZENUSDT,1MBABYDOGEUSDT,0.0,0.0,0
ZENUSDT,COWUSDT,0.0,0.0,0
ZENUSDT,TRBUSDT,0.0,0.0,0
ZENUSDT,XAIUSDT,0.0,0.0,0
ZENUSDT,KDAUSDT,0.0,0.0,0
ZENUSDT,AEVOUSDT,0.0,0.0,0
ZENUSDT,MASKUSDT,0.0,0.0,0
ZENUSDT,GHSTUSDT,0.0,0.0,0
ZENUSDT,MBOXUSDT,0.0,0.0,0
ZENUSDT,SANDUSDT,0.0,0.0,0
ZENUSDT,ZRXUSDT,0.0,0.0,0
ZENUSDT,ENJUSDT,0.0,0.0,0
ZENUSDT,ICPUSDT,0.0,0.0,0
ZENUSDT,SCRTUSDT,0.0,0.0,0
ZENUSDT,JASMYUSDT,0.0,0.0,0
ZENUSDT,GALAUSDT,0.0,0.0,0
ZENUSDT,MEWUSDT,0.0,0.0,0
ZENUSDT,SYSUSDT,0.0,0.0,0
ZENUSDT,APEUSDT,0.0,0.0,0
ZENUSDT,KSMUSDT,0.0,0.0,0
ZENUSDT,CELOUSDT,0.0,0.0,0
ZENUSDT,MEUSDT,0.0,0.0,0
ZENUSDT,1MBABYDOGEUSDT,0.0,0.0,0
ZENUSDT,COWUSDT,0.0,0.0,0
ZENUSDT,TRBUSDT,0.0,0.0,0
ZENUSDT,XAIUSDT,0.0,0.0,0
ZENUSDT,KDAUSDT,0.0,0.0,0
ZENUSDT,AEVOUSDT,0.0,0.0,0
ZENUSDT,MASKUSDT,0.0,0.0,0
ZENUSDT,GHSTUSDT,-0.004075534103303351,0.03852393507600782,2
ZENUSDT,MBOXUSDT,-0.00821603461881576,0.04059418533376402,2
ZENUSDT,SANDUSDT,-0.011202126290025025,0.042087231169368654,2
ZENUSDT,ZRXUSDT,-0.009290946403504398,0.04113164122610834,2
ZENUSDT,ENJUSDT,-0.01628009703588476,0.04462621654229852,2
ZENUSDT,ICPUSDT,0.0,0.0,0
ZENUSDT,SCRTUSDT,-0.002950449159629498,0.03796139260417089,2
ZENUSDT,JASMYUSDT,-0.01715644888984537,0.045064392469278826,2
ZENUSDT,GALAUSDT,-0.006943076445623725,0.039957706247168004,2
ZENUSDT,MEWUSDT,0.0002947443536871555,0.03633879584751257,2
ZENUSDT,SYSUSDT,-3.991893216560155e-05,0.03650612749043894,2
ZENUSDT,APEUSDT,-0.00501903843883969,0.03899568724377599,2
ZENUSDT,KSMUSDT,-0.0450173012180478,0.04409168601035591,2
ZENUSDT,CELOUSDT,-0.011991550444455691,0.042481943246583984,2
ZENUSDT,MEUSDT,-0.005706280735083023,0.03933930839189766,2
ZENUSDT,1MBABYDOGEUSDT,-0.008013757074620292,0.04049304656166629,2
ZENUSDT,COWUSDT,-0.010711118271437677,0.041841727160074976,2
ZENUSDT,TRBUSDT,-0.004070432320031263,0.002192989411882571,2
ZENUSDT,XAIUSDT,-0.008396312013220199,0.04068432403096624,2
ZENUSDT,KDAUSDT,-0.007438731097409855,0.04020553357306107,2
ZENUSDT,AEVOUSDT,-0.007132604538820593,0.040052470293766435,2
ZENUSDT,MASKUSDT,-0.0030131995090240324,0.03799276777886816,2
GHSTUSDT,ZENUSDT,0.0,0.0,0
GHSTUSDT,MBOXUSDT,0.0,0.0,0
GHSTUSDT,SANDUSDT,0.0,0.0,0
GHSTUSDT,ORDIUSDT,0.0,0.0,0
GHSTUSDT,ZRXUSDT,0.0,0.0,0
GHSTUSDT,ENJUSDT,0.0,0.0,0
GHSTUSDT,ICPUSDT,0.0,0.0,0
GHSTUSDT,JASMYUSDT,0.0,0.0,0
GHSTUSDT,GALAUSDT,0.0,0.0,0
GHSTUSDT,MEWUSDT,0.0,0.0,0
GHSTUSDT,SYSUSDT,0.0,0.0,0
GHSTUSDT,APEUSDT,0.0,0.0,0
GHSTUSDT,KSMUSDT,0.0,0.0,0
GHSTUSDT,CELOUSDT,0.0,0.0,0
GHSTUSDT,1000XECUSDT,0.0,0.0,0
GHSTUSDT,TRBUSDT,0.0,0.0,0
GHSTUSDT,XAIUSDT,0.0,0.0,0
GHSTUSDT,KDAUSDT,0.0,0.0,0
GHSTUSDT,AEVOUSDT,0.0,0.0,0
GHSTUSDT,MASKUSDT,0.0,0.0,0
GHSTUSDT,ZENUSDT,0.0,0.0,0
GHSTUSDT,MBOXUSDT,0.0,0.0,0
GHSTUSDT,SANDUSDT,0.0,0.0,0
GHSTUSDT,ORDIUSDT,0.0,0.0,0
GHSTUSDT,ZRXUSDT,0.0,0.0,0
GHSTUSDT,ENJUSDT,0.0,0.0,0
GHSTUSDT,ICPUSDT,0.0,0.0,0
GHSTUSDT,JASMYUSDT,0.0,0.0,0
GHSTUSDT,GALAUSDT,0.0,0.0,0
GHSTUSDT,MEWUSDT,0.0,0.0,0
GHSTUSDT,SYSUSDT,0.0,0.0,0
GHSTUSDT,APEUSDT,0.0,0.0,0
GHSTUSDT,KSMUSDT,0.0,0.0,0
GHSTUSDT,CELOUSDT,0.0,0.0,0
GHSTUSDT,1000XECUSDT,0.0,0.0,0
GHSTUSDT,TRBUSDT,0.0,0.0,0
GHSTUSDT,XAIUSDT,0.0,0.0,0
GHSTUSDT,KDAUSDT,0.0,0.0,0
GHSTUSDT,AEVOUSDT,0.0,0.0,0
GHSTUSDT,MASKUSDT,0.0,0.0,0
GHSTUSDT,ZENUSDT,0.0,0.0,0
GHSTUSDT,MBOXUSDT,0.0,0.0,0
GHSTUSDT,SANDUSDT,0.0,0.0,0
GHSTUSDT,ORDIUSDT,0.0,0.0,0
GHSTUSDT,ZRXUSDT,0.0,0.0,0
GHSTUSDT,ENJUSDT,0.0,0.0,0
GHSTUSDT,ICPUSDT,0.0,0.0,0
GHSTUSDT,JASMYUSDT,0.0,0.0,0
GHSTUSDT,GALAUSDT,0.0,0.0,0
GHSTUSDT,MEWUSDT,0.0,0.0,0
GHSTUSDT,SYSUSDT,0.0,0.0,0
GHSTUSDT,APEUSDT,0.0,0.0,0
GHSTUSDT,KSMUSDT,0.0,0.0,0
GHSTUSDT,CELOUSDT,0.0,0.0,0
GHSTUSDT,1000XECUSDT,0.0,0.0,0
GHSTUSDT,TRBUSDT,0.0,0.0,0
GHSTUSDT,XAIUSDT,0.0,0.0,0
GHSTUSDT,KDAUSDT,0.0,0.0,0
GHSTUSDT,AEVOUSDT,0.0,0.0,0
GHSTUSDT,MASKUSDT,0.0,0.0,0
GHSTUSDT,ZENUSDT,-0.004075534103303351,0.03852393507600782,2
GHSTUSDT,MBOXUSDT,0.0,0.0,0
GHSTUSDT,SANDUSDT,-0.02105745584836735,0.020768830588307276,28
GHSTUSDT,ORDIUSDT,-0.026970666164379486,0.028178320137867783,16
GHSTUSDT,ZRXUSDT,0.0008579628893639543,0.030165135250158365,6
GHSTUSDT,ENJUSDT,-0.008939309662236751,0.026117287576115335,6
GHSTUSDT,ICPUSDT,0.006199585309457214,0.01524259977438112,8
GHSTUSDT,JASMYUSDT,-0.042993167333769775,0.021439161467678308,12
GHSTUSDT,GALAUSDT,-0.006881031501378684,0.024836678000522642,32
GHSTUSDT,MEWUSDT,-0.0501317692902731,0.023375433334905396,28
GHSTUSDT,SYSUSDT,-0.06283048240004165,0.023685017807641092,26
GHSTUSDT,APEUSDT,-0.05801315097292577,0.011342795165451643,12
GHSTUSDT,KSMUSDT,0.030057386355899364,0.021169684499975257,26
GHSTUSDT,CELOUSDT,-0.010872127922928956,0.0035677264510215927,2
GHSTUSDT,1000XECUSDT,-0.0652904576618911,0.024568100319502136,30
GHSTUSDT,TRBUSDT,-0.044945287633097075,0.025668322881136657,36
GHSTUSDT,XAIUSDT,0.0002418445549062509,0.023379349470415287,8
GHSTUSDT,KDAUSDT,0.1077312598162029,0.022350185534620294,38
GHSTUSDT,AEVOUSDT,0.0,0.0,0
GHSTUSDT,MASKUSDT,-0.042878899174516545,0.012876038102559636,24
MBOXUSDT,ZENUSDT,0.0,0.0,0
MBOXUSDT,GHSTUSDT,0.0,0.0,0
MBOXUSDT,SANDUSDT,0.0,0.0,0
MBOXUSDT,ORDIUSDT,0.0,0.0,0
MBOXUSDT,ZRXUSDT,0.0,0.0,0
MBOXUSDT,ENJUSDT,0.0,0.0,0
MBOXUSDT,ICPUSDT,0.0,0.0,0
MBOXUSDT,JASMYUSDT,0.0,0.0,0
MBOXUSDT,GALAUSDT,0.0,0.0,0
MBOXUSDT,MEWUSDT,0.0,0.0,0
MBOXUSDT,SYSUSDT,0.0,0.0,0
MBOXUSDT,APEUSDT,0.0,0.0,0
MBOXUSDT,KSMUSDT,0.0,0.0,0
MBOXUSDT,CELOUSDT,0.0,0.0,0
MBOXUSDT,1000XECUSDT,0.0,0.0,0
MBOXUSDT,TRBUSDT,0.0,0.0,0
MBOXUSDT,XAIUSDT,0.0,0.0,0
MBOXUSDT,KDAUSDT,0.0,0.0,0
MBOXUSDT,AEVOUSDT,0.0,0.0,0
MBOXUSDT,MASKUSDT,0.0,0.0,0
MBOXUSDT,ZENUSDT,0.0,0.0,0
MBOXUSDT,GHSTUSDT,0.0,0.0,0
MBOXUSDT,SANDUSDT,0.0,0.0,0
MBOXUSDT,ORDIUSDT,0.0,0.0,0
MBOXUSDT,ZRXUSDT,0.0,0.0,0
MBOXUSDT,ENJUSDT,0.0,0.0,0
MBOXUSDT,ICPUSDT,0.0,0.0,0
MBOXUSDT,JASMYUSDT,0.0,0.0,0
MBOXUSDT,GALAUSDT,0.0,0.0,0
MBOXUSDT,MEWUSDT,0.0,0.0,0
MBOXUSDT,SYSUSDT,0.0,0.0,0
MBOXUSDT,APEUSDT,0.0,0.0,0
MBOXUSDT,KSMUSDT,0.0,0.0,0
MBOXUSDT,CELOUSDT,0.0,0.0,0
MBOXUSDT,1000XECUSDT,0.0,0.0,0
MBOXUSDT,TRBUSDT,0.0,0.0,0
MBOXUSDT,XAIUSDT,0.0,0.0,0
MBOXUSDT,KDAUSDT,0.0,0.0,0
MBOXUSDT,AEVOUSDT,0.0,0.0,0
MBOXUSDT,MASKUSDT,0.0,0.0,0
MBOXUSDT,ZENUSDT,0.0,0.0,0
MBOXUSDT,GHSTUSDT,0.0,0.0,0
MBOXUSDT,SANDUSDT,0.0,0.0,0
MBOXUSDT,ORDIUSDT,0.0,0.0,0
MBOXUSDT,ZRXUSDT,0.0,0.0,0
MBOXUSDT,ENJUSDT,0.0,0.0,0
MBOXUSDT,ICPUSDT,0.0,0.0,0
MBOXUSDT,JASMYUSDT,0.0,0.0,0
MBOXUSDT,GALAUSDT,0.0,0.0,0
MBOXUSDT,MEWUSDT,0.0,0.0,0
MBOXUSDT,SYSUSDT,0.0,0.0,0
MBOXUSDT,APEUSDT,0.0,0.0,0
MBOXUSDT,KSMUSDT,0.0,0.0,0
MBOXUSDT,CELOUSDT,0.0,0.0,0
MBOXUSDT,1000XECUSDT,0.0,0.0,0
MBOXUSDT,TRBUSDT,0.0,0.0,0
MBOXUSDT,XAIUSDT,0.0,0.0,0
MBOXUSDT,KDAUSDT,0.0,0.0,0
MBOXUSDT,AEVOUSDT,0.0,0.0,0
MBOXUSDT,MASKUSDT,0.0,0.0,0
MBOXUSDT,ZENUSDT,-0.00821603461881576,0.04059418533376402,2
MBOXUSDT,GHSTUSDT,-0.051496845140854786,0.023446050475031177,30
MBOXUSDT,SANDUSDT,-0.03665670438328042,0.01209359840403586,12
MBOXUSDT,ORDIUSDT,-0.031928587074715825,0.028727021063860495,16
MBOXUSDT,ZRXUSDT,-0.08612257846820867,0.017200020693907633,22
MBOXUSDT,ENJUSDT,-0.03380769733871779,0.029466216468172577,14
MBOXUSDT,ICPUSDT,-0.028121006578620725,0.02414513337114629,14
MBOXUSDT,JASMYUSDT,-0.0660876347368385,0.021539618899161877,32
MBOXUSDT,GALAUSDT,-0.05073009003245721,0.02336302633896262,32
MBOXUSDT,MEWUSDT,-0.020703912020631425,0.021844655317970904,28
MBOXUSDT,SYSUSDT,-0.03940125134841907,0.02355105136409083,18
MBOXUSDT,APEUSDT,-0.026069133144789036,0.019834564574149584,22
MBOXUSDT,KSMUSDT,-0.03423254509319276,0.026457558704884317,26
MBOXUSDT,CELOUSDT,-0.0660941613916062,0.020225503449600543,24
MBOXUSDT,1000XECUSDT,0.009643470333262252,0.024199410960192246,24
MBOXUSDT,TRBUSDT,-0.06670604284799725,0.030138736569027703,28
MBOXUSDT,XAIUSDT,-0.04726419142667527,0.033842495151321574,28
MBOXUSDT,KDAUSDT,-0.013530779797354724,0.015149561995195156,22
MBOXUSDT,AEVOUSDT,-0.020353452914288986,0.019702805782539946,16
MBOXUSDT,MASKUSDT,-0.07045618885127057,0.013225663324020804,22
SANDUSDT,ZENUSDT,0.0,0.0,0
SANDUSDT,GHSTUSDT,0.0,0.0,0
SANDUSDT,MBOXUSDT,0.0,0.0,0
SANDUSDT,ORDIUSDT,0.0,0.0,0
SANDUSDT,ZRXUSDT,0.0,0.0,0
SANDUSDT,ENJUSDT,0.0,0.0,0
SANDUSDT,ICPUSDT,0.0,0.0,0
SANDUSDT,GALAUSDT,0.0,0.0,0
SANDUSDT,MEWUSDT,0.0,0.0,0
SANDUSDT,SYSUSDT,0.0,0.0,0
SANDUSDT,APEUSDT,0.0,0.0,0
SANDUSDT,KSMUSDT,0.0,0.0,0
SANDUSDT,CELOUSDT,0.0,0.0,0
SANDUSDT,MTLUSDT,0.0,0.0,0
SANDUSDT,1000XECUSDT,0.0,0.0,0
SANDUSDT,TRBUSDT,0.0,0.0,0
SANDUSDT,XAIUSDT,0.0,0.0,0
SANDUSDT,KDAUSDT,0.0,0.0,0
SANDUSDT,AEVOUSDT,0.0,0.0,0
SANDUSDT,MASKUSDT,0.0,0.0,0
SANDUSDT,ZENUSDT,0.0,0.0,0
SANDUSDT,GHSTUSDT,0.0,0.0,0
SANDUSDT,MBOXUSDT,0.0,0.0,0
SANDUSDT,ORDIUSDT,0.0,0.0,0
SANDUSDT,ZRXUSDT,0.0,0.0,0
SANDUSDT,ENJUSDT,0.0,0.0,0
SANDUSDT,ICPUSDT,0.0,0.0,0
SANDUSDT,GALAUSDT,0.0,0.0,0
SANDUSDT,MEWUSDT,0.0,0.0,0
SANDUSDT,SYSUSDT,0.0,0.0,0
SANDUSDT,APEUSDT,0.0,0.0,0
SANDUSDT,KSMUSDT,0.0,0.0,0
SANDUSDT,CELOUSDT,0.0,0.0,0
SANDUSDT,MTLUSDT,0.0,0.0,0
SANDUSDT,1000XECUSDT,0.0,0.0,0
SANDUSDT,TRBUSDT,0.0,0.0,0
SANDUSDT,XAIUSDT,0.0,0.0,0
SANDUSDT,KDAUSDT,0.0,0.0,0
SANDUSDT,AEVOUSDT,0.0,0.0,0
SANDUSDT,MASKUSDT,0.0,0.0,0
SANDUSDT,ZENUSDT,0.0,0.0,0
SANDUSDT,GHSTUSDT,0.0,0.0,0
SANDUSDT,MBOXUSDT,0.0,0.0,0
SANDUSDT,ORDIUSDT,0.0,0.0,0
SANDUSDT,ZRXUSDT,0.0,0.0,0
SANDUSDT,ENJUSDT,0.0,0.0,0
SANDUSDT,ICPUSDT,0.0,0.0,0
SANDUSDT,GALAUSDT,0.0,0.0,0
SANDUSDT,MEWUSDT,0.0,0.0,0
SANDUSDT,SYSUSDT,0.0,0.0,0
SANDUSDT,APEUSDT,0.0,0.0,0
SANDUSDT,KSMUSDT,0.0,0.0,0
SANDUSDT,CELOUSDT,0.0,0.0,0
SANDUSDT,MTLUSDT,0.0,0.0,0
SANDUSDT,1000XECUSDT,0.0,0.0,0
SANDUSDT,TRBUSDT,0.0,0.0,0
SANDUSDT,XAIUSDT,0.0,0.0,0
SANDUSDT,KDAUSDT,0.0,0.0,0
SANDUSDT,AEVOUSDT,0.0,0.0,0
SANDUSDT,MASKUSDT,0.0,0.0,0
SANDUSDT,ZENUSDT,-0.011202126290025025,0.042087231169368654,2
SANDUSDT,GHSTUSDT,-0.07039208870909736,0.021383604029705686,28
SANDUSDT,MBOXUSDT,-0.058000131361166204,0.01574088123445741,22
SANDUSDT,ORDIUSDT,-0.01982093699093438,0.030314295024028697,16
SANDUSDT,ZRXUSDT,0.0472694655972652,0.02180078788908833,16
SANDUSDT,ENJUSDT,-0.05990439073063872,0.017383694484637398,22
SANDUSDT,ICPUSDT,0.0,0.0,0
SANDUSDT,GALAUSDT,-0.09171168428874145,0.02010657034828219,22
SANDUSDT,MEWUSDT,-0.13897007777103065,0.018819379741213216,26
SANDUSDT,SYSUSDT,-0.08824719927622472,0.017939726320919544,16
SANDUSDT,APEUSDT,-0.024254408181919818,0.025229975576028484,20
SANDUSDT,KSMUSDT,0.02640707743606543,0.027054577565779347,26
SANDUSDT,CELOUSDT,-0.04904344731826864,0.015011698880641746,24
SANDUSDT,MTLUSDT,-0.05154289891497428,0.029385995003217695,14
SANDUSDT,1000XECUSDT,-0.07007483201613482,0.019746736342468697,20
SANDUSDT,TRBUSDT,-0.017308422986505687,0.030846070414617826,26
SANDUSDT,XAIUSDT,0.0012342327549557004,0.014706994908821248,12
SANDUSDT,KDAUSDT,-0.00287430508256558,0.03302090677590371,12
SANDUSDT,AEVOUSDT,-0.01579230556659034,0.017020554940682327,16
SANDUSDT,MASKUSDT,0.010232273970814729,0.013459480945209356,22
ORDIUSDT,GHSTUSDT,-0.003439940472578718,0.02363281033772031,8
ORDIUSDT,MBOXUSDT,-0.05950002886665387,0.024216054777472452,26
ORDIUSDT,SANDUSDT,-0.028494111219803706,0.020921521023605588,8
ORDIUSDT,ZRXUSDT,-0.008147862951061801,0.025959627739278436,6
ORDIUSDT,ENJUSDT,-0.01742983304120181,0.022977676599289256,6
ORDIUSDT,ICPUSDT,-0.089872052031696,0.020327648619854366,30
ORDIUSDT,GALAUSDT,-0.032613560026600985,0.019149190294730355,6
ORDIUSDT,MEWUSDT,-0.009141830112734856,0.024697918959225414,26
ORDIUSDT,SYSUSDT,0.005032476448375817,0.023931127785496057,12
ORDIUSDT,APEUSDT,-0.04313587972373863,0.021599564722495516,24
ORDIUSDT,KSMUSDT,0.05188362021799196,0.02198132447455589,10
ORDIUSDT,CELOUSDT,-0.024269354167898598,0.02148186506246511,6
ORDIUSDT,MTLUSDT,-0.00339919580362371,0.023157874861463427,20
ORDIUSDT,1000XECUSDT,-0.02876695232933319,0.023028872266234537,6
ORDIUSDT,TRBUSDT,0.017148712701344642,0.025352713402297458,14
ORDIUSDT,XAIUSDT,-0.033361841765259206,0.02377452064635293,6
ORDIUSDT,KDAUSDT,-0.03653687526705136,0.020205473653493233,6
ORDIUSDT,AEVOUSDT,-0.03506341821413859,0.023222553786429453,18
ORDIUSDT,GHSTUSDT,-0.004225009052213843,0.01782355253920073,6
ORDIUSDT,MBOXUSDT,-0.02178130640773339,0.020344958083743345,6
ORDIUSDT,SANDUSDT,-0.030306899492707276,0.021673774961733255,6
ORDIUSDT,ZRXUSDT,-0.02905445095799385,0.021643248677886567,6
ORDIUSDT,ENJUSDT,-0.0177732039562792,0.03019081763643771,16
ORDIUSDT,ICPUSDT,-0.00461387148623732,0.030119691033246306,2
ORDIUSDT,GALAUSDT,-0.08708673411077261,0.0384233570423368,22
ORDIUSDT,MEWUSDT,0.007273429620779259,0.01566508797106015,6
ORDIUSDT,SYSUSDT,0.0020509941902626776,0.01960433586528023,8
ORDIUSDT,APEUSDT,0.006953360904830411,0.0260985657140599,16
ORDIUSDT,KSMUSDT,-0.0752863187073706,0.01705682202307511,20
ORDIUSDT,CELOUSDT,0.010923565698831978,0.014921304747343489,6
ORDIUSDT,MTLUSDT,0.0397262248690847,0.02687234223237121,20
ORDIUSDT,1000XECUSDT,0.0011852717836559439,0.016176268323500286,4
ORDIUSDT,TRBUSDT,-0.05696706901358184,0.019707286480612235,24
ORDIUSDT,XAIUSDT,-0.001056340164740835,0.03179821004393797,22
ORDIUSDT,KDAUSDT,-0.08110637986228146,0.036330997867487516,20
ORDIUSDT,AEVOUSDT,0.008629647270503887,0.02707220824417336,16
ORDIUSDT,GHSTUSDT,0.07064029707114694,0.021165049920116162,30
ORDIUSDT,MBOXUSDT,0.0,0.0,0
ORDIUSDT,SANDUSDT,0.0,0.0,0
ORDIUSDT,ZRXUSDT,0.015246353680539497,0.024296971913439266,34
ORDIUSDT,ENJUSDT,0.0,0.0,0
ORDIUSDT,ICPUSDT,-0.051454649586703066,0.013965390837104876,32
ORDIUSDT,GALAUSDT,0.05929766325168348,0.02381826302449305,34
ORDIUSDT,MEWUSDT,0.10845725836440158,0.02579605658615241,34
ORDIUSDT,SYSUSDT,0.04842507504881833,0.023372698634820038,34
ORDIUSDT,APEUSDT,0.0,0.0,0
ORDIUSDT,KSMUSDT,-0.05906236860455891,0.020696235410286812,24
ORDIUSDT,CELOUSDT,0.04760059873777933,0.020591170468552144,26
ORDIUSDT,MTLUSDT,0.0019170184327544273,0.023228492935698637,32
ORDIUSDT,1000XECUSDT,-0.002834391389892889,0.020795530065860355,34
ORDIUSDT,TRBUSDT,-0.027277933414057542,0.013273186434131513,6
ORDIUSDT,XAIUSDT,0.0,0.0,0
ORDIUSDT,KDAUSDT,0.0,0.0,0
ORDIUSDT,AEVOUSDT,0.009947199200005068,0.023392606337413295,34
ORDIUSDT,GHSTUSDT,-0.058419397650073875,0.03535041910277407,22
ORDIUSDT,MBOXUSDT,-0.050610016750234445,0.03554765169209587,24
ORDIUSDT,SANDUSDT,-0.05797190155524974,0.035334783618150734,24
ORDIUSDT,ZRXUSDT,-0.05539017878820995,0.034938869561131645,24
ORDIUSDT,ENJUSDT,-0.033544487897211844,0.036121724946876294,24
ORDIUSDT,ICPUSDT,-0.017190559891424182,0.02429134662153394,8
ORDIUSDT,GALAUSDT,-0.0013485405326908312,0.03871581214266458,24
ORDIUSDT,MEWUSDT,-0.04496146439483967,0.033691021755504855,24
ORDIUSDT,SYSUSDT,-0.05387324812284136,0.032464625690987896,24
ORDIUSDT,APEUSDT,-0.014273256722958618,0.03646703902025084,22
ORDIUSDT,KSMUSDT,0.05736446232901944,0.023469955678823713,22
ORDIUSDT,CELOUSDT,-0.061073623810699376,0.035327636934027455,24
ORDIUSDT,MTLUSDT,-0.13920488251373045,0.03275253588866691,26
ORDIUSDT,1000XECUSDT,-0.029695337529301667,0.0330720686762337,24
ORDIUSDT,TRBUSDT,-0.045938110178558846,0.03688953941877654,28
ORDIUSDT,XAIUSDT,-0.019205233406207882,0.03871761490257832,24
ORDIUSDT,KDAUSDT,-0.04890859994896676,0.03705702693371265,22
ORDIUSDT,AEVOUSDT,-0.05528947096121206,0.03498162745384309,24
ZRXUSDT,ZENUSDT,0.0,0.0,0
ZRXUSDT,GHSTUSDT,0.0,0.0,0
ZRXUSDT,MBOXUSDT,0.0,0.0,0
ZRXUSDT,SANDUSDT,0.0,0.0,0
ZRXUSDT,ORDIUSDT,0.0,0.0,0
ZRXUSDT,ENJUSDT,0.0,0.0,0
ZRXUSDT,ICPUSDT,0.0,0.0,0
ZRXUSDT,JASMYUSDT,0.0,0.0,0
ZRXUSDT,GALAUSDT,0.0,0.0,0
ZRXUSDT,MEWUSDT,0.0,0.0,0
ZRXUSDT,SYSUSDT,0.0,0.0,0
ZRXUSDT,APEUSDT,0.0,0.0,0
ZRXUSDT,KSMUSDT,0.0,0.0,0
ZRXUSDT,CELOUSDT,0.0,0.0,0
ZRXUSDT,MTLUSDT,0.0,0.0,0
ZRXUSDT,1000XECUSDT,0.0,0.0,0
ZRXUSDT,TRBUSDT,0.0,0.0,0
ZRXUSDT,XAIUSDT,0.0,0.0,0
ZRXUSDT,KDAUSDT,0.0,0.0,0
ZRXUSDT,AEVOUSDT,0.0,0.0,0
ZRXUSDT,MASKUSDT,0.0,0.0,0
ZRXUSDT,ZENUSDT,0.0,0.0,0
ZRXUSDT,GHSTUSDT,0.0,0.0,0
ZRXUSDT,MBOXUSDT,0.0,0.0,0
ZRXUSDT,SANDUSDT,0.0,0.0,0
ZRXUSDT,ORDIUSDT,0.0,0.0,0
ZRXUSDT,ENJUSDT,0.0,0.0,0
ZRXUSDT,ICPUSDT,0.0,0.0,0
ZRXUSDT,JASMYUSDT,0.0,0.0,0
ZRXUSDT,GALAUSDT,0.0,0.0,0
ZRXUSDT,MEWUSDT,0.0,0.0,0
ZRXUSDT,SYSUSDT,0.0,0.0,0
ZRXUSDT,APEUSDT,0.0,0.0,0
ZRXUSDT,KSMUSDT,0.0,0.0,0
ZRXUSDT,CELOUSDT,0.0,0.0,0
ZRXUSDT,MTLUSDT,0.0,0.0,0
ZRXUSDT,1000XECUSDT,0.0,0.0,0
ZRXUSDT,TRBUSDT,0.0,0.0,0
ZRXUSDT,XAIUSDT,0.0,0.0,0
ZRXUSDT,KDAUSDT,0.0,0.0,0
ZRXUSDT,AEVOUSDT,0.0,0.0,0
ZRXUSDT,MASKUSDT,0.0,0.0,0
ZRXUSDT,ZENUSDT,0.0,0.0,0
ZRXUSDT,GHSTUSDT,0.0,0.0,0
ZRXUSDT,MBOXUSDT,0.0,0.0,0
ZRXUSDT,SANDUSDT,0.0,0.0,0
ZRXUSDT,ORDIUSDT,0.0,0.0,0
ZRXUSDT,ENJUSDT,0.0,0.0,0
ZRXUSDT,ICPUSDT,0.0,0.0,0
ZRXUSDT,JASMYUSDT,0.0,0.0,0
ZRXUSDT,GALAUSDT,0.0,0.0,0
ZRXUSDT,MEWUSDT,0.0,0.0,0
ZRXUSDT,SYSUSDT,0.0,0.0,0
ZRXUSDT,APEUSDT,0.0,0.0,0
ZRXUSDT,KSMUSDT,0.0,0.0,0
ZRXUSDT,CELOUSDT,0.0,0.0,0
ZRXUSDT,MTLUSDT,0.0,0.0,0
ZRXUSDT,1000XECUSDT,0.0,0.0,0
ZRXUSDT,TRBUSDT,0.0,0.0,0
ZRXUSDT,XAIUSDT,0.0,0.0,0
ZRXUSDT,KDAUSDT,0.0,0.0,0
ZRXUSDT,AEVOUSDT,0.0,0.0,0
ZRXUSDT,MASKUSDT,0.0,0.0,0
ZRXUSDT,ZENUSDT,-0.009290946403504398,0.04113164122610834,2
ZRXUSDT,GHSTUSDT,0.0008579628893639508,0.030165135250158365,6
ZRXUSDT,MBOXUSDT,-0.042238209343760894,0.012422440769458679,12
ZRXUSDT,SANDUSDT,0.03014520473853274,0.01877105307056733,16
ZRXUSDT,ORDIUSDT,-0.020912664594169288,0.028336587571519654,18
ZRXUSDT,ENJUSDT,-0.09251519241878545,0.017484465641785907,22
ZRXUSDT,ICPUSDT,-0.04653879477740093,0.025066188916083948,16
ZRXUSDT,JASMYUSDT,-0.02279789906470164,0.01729088217934967,16
ZRXUSDT,GALAUSDT,-0.03567746934215042,0.018398230256979668,16
ZRXUSDT,MEWUSDT,-0.0338556165384211,0.017735042388098206,16
ZRXUSDT,SYSUSDT,-0.007209512831986357,0.017071854502160193,14
ZRXUSDT,APEUSDT,0.04160461417416753,0.015798954730701115,18
ZRXUSDT,KSMUSDT,0.006114087314638677,0.027808813029210826,26
ZRXUSDT,CELOUSDT,0.01842281497585537,0.018159583408237475,22
ZRXUSDT,MTLUSDT,0.08605793592954997,0.03087346636102653,18
ZRXUSDT,1000XECUSDT,-0.0528876091339638,0.03017480358074324,20
ZRXUSDT,TRBUSDT,-0.0013196421993938445,0.03021580042543551,30
ZRXUSDT,XAIUSDT,-0.13063583857099806,0.017573186438676277,24
ZRXUSDT,KDAUSDT,0.008873992540048777,0.02043452395984372,14
ZRXUSDT,AEVOUSDT,-0.21729350035109396,0.019306820077505445,30
ZRXUSDT,MASKUSDT,0.019204875555333862,0.019060470969990452,28
ENJUSDT,ZENUSDT,0.0,0.0,0
ENJUSDT,GHSTUSDT,0.0,0.0,0
ENJUSDT,MBOXUSDT,0.0,0.0,0
ENJUSDT,SANDUSDT,0.0,0.0,0
ENJUSDT,ORDIUSDT,0.0,0.0,0
ENJUSDT,ZRXUSDT,0.0,0.0,0
ENJUSDT,ICPUSDT,0.0,0.0,0
ENJUSDT,JASMYUSDT,0.0,0.0,0
ENJUSDT,GALAUSDT,0.0,0.0,0
ENJUSDT,MEWUSDT,0.0,0.0,0
ENJUSDT,SYSUSDT,0.0,0.0,0
ENJUSDT,APEUSDT,0.0,0.0,0
ENJUSDT,KSMUSDT,0.0,0.0,0
ENJUSDT,CELOUSDT,0.0,0.0,0
ENJUSDT,1000XECUSDT,0.0,0.0,0
ENJUSDT,TRBUSDT,0.0,0.0,0
ENJUSDT,XAIUSDT,0.0,0.0,0
ENJUSDT,KDAUSDT,0.0,0.0,0
ENJUSDT,AEVOUSDT,0.0,0.0,0
ENJUSDT,MASKUSDT,0.0,0.0,0
ENJUSDT,ZENUSDT,0.0,0.0,0
ENJUSDT,GHSTUSDT,0.0,0.0,0
ENJUSDT,MBOXUSDT,0.0,0.0,0
ENJUSDT,SANDUSDT,0.0,0.0,0
ENJUSDT,ORDIUSDT,0.0,0.0,0
ENJUSDT,ZRXUSDT,0.0,0.0,0
ENJUSDT,ICPUSDT,0.0,0.0,0
ENJUSDT,JASMYUSDT,0.0,0.0,0
ENJUSDT,GALAUSDT,0.0,0.0,0
ENJUSDT,MEWUSDT,0.0,0.0,0
ENJUSDT,SYSUSDT,0.0,0.0,0
ENJUSDT,APEUSDT,0.0,0.0,0
ENJUSDT,KSMUSDT,0.0,0.0,0
ENJUSDT,CELOUSDT,0.0,0.0,0
ENJUSDT,1000XECUSDT,0.0,0.0,0
ENJUSDT,TRBUSDT,0.0,0.0,0
ENJUSDT,XAIUSDT,0.0,0.0,0
ENJUSDT,KDAUSDT,0.0,0.0,0
ENJUSDT,AEVOUSDT,0.0,0.0,0
ENJUSDT,MASKUSDT,0.0,0.0,0
ENJUSDT,ZENUSDT,0.0,0.0,0
ENJUSDT,GHSTUSDT,0.0,0.0,0
ENJUSDT,MBOXUSDT,0.0,0.0,0
ENJUSDT,SANDUSDT,0.0,0.0,0
ENJUSDT,ORDIUSDT,0.0,0.0,0
ENJUSDT,ZRXUSDT,0.0,0.0,0
ENJUSDT,ICPUSDT,0.0,0.0,0
ENJUSDT,JASMYUSDT,0.0,0.0,0
ENJUSDT,GALAUSDT,0.0,0.0,0
ENJUSDT,MEWUSDT,0.0,0.0,0
ENJUSDT,SYSUSDT,0.0,0.0,0
ENJUSDT,APEUSDT,0.0,0.0,0
ENJUSDT,KSMUSDT,0.0,0.0,0
ENJUSDT,CELOUSDT,0.0,0.0,0
ENJUSDT,1000XECUSDT,0.0,0.0,0
ENJUSDT,TRBUSDT,0.0,0.0,0
ENJUSDT,XAIUSDT,0.0,0.0,0
ENJUSDT,KDAUSDT,0.0,0.0,0
ENJUSDT,AEVOUSDT,0.0,0.0,0
ENJUSDT,MASKUSDT,0.0,0.0,0
ENJUSDT,ZENUSDT,-0.01628009703588476,0.04462621654229852,2
ENJUSDT,GHSTUSDT,-0.007317065139824497,0.023116842413442466,22
ENJUSDT,MBOXUSDT,-0.06045426958111191,0.03241079062969742,22
ENJUSDT,SANDUSDT,-0.0683195420101034,0.015424900880563147,24
ENJUSDT,ORDIUSDT,-0.016532243567798054,0.030388211344544124,16
ENJUSDT,ZRXUSDT,-0.12296735207491075,0.018948009454483303,26
ENJUSDT,ICPUSDT,-0.05048042389723183,0.02398363367874531,16
ENJUSDT,JASMYUSDT,-0.05009510298371232,0.030330797023821174,12
ENJUSDT,GALAUSDT,-0.03516035480732724,0.03774147689583599,18
ENJUSDT,MEWUSDT,-0.06177993472005829,0.029286559376639546,22
ENJUSDT,SYSUSDT,-0.06502242189850889,0.03538624304874914,18
ENJUSDT,APEUSDT,-0.03863165115768432,0.020369971249354583,28
ENJUSDT,KSMUSDT,-0.030217781634096674,0.027826915379574366,26
ENJUSDT,CELOUSDT,-0.04998176817515704,0.018382741680642394,26
ENJUSDT,1000XECUSDT,-0.056421640287402965,0.030572966572404492,28
ENJUSDT,TRBUSDT,-0.05756016541819551,0.02992769544399964,34
ENJUSDT,XAIUSDT,-0.033344614845764065,0.04135531763811309,18
ENJUSDT,KDAUSDT,0.00735582765711757,0.016608265970810943,16
ENJUSDT,AEVOUSDT,-0.01190019057232769,0.017653361177931495,10
ENJUSDT,MASKUSDT,-0.06413165120063627,0.01385183682854925,22
ICPUSDT,ZENUSDT,0.0,0.0,0
ICPUSDT,GHSTUSDT,0.0,0.0,0
ICPUSDT,MBOXUSDT,0.0,0.0,0
ICPUSDT,SANDUSDT,0.0,0.0,0
ICPUSDT,ORDIUSDT,0.0,0.0,0
ICPUSDT,ZRXUSDT,0.0,0.0,0
ICPUSDT,ENJUSDT,0.0,0.0,0
ICPUSDT,JASMYUSDT,0.0,0.0,0
ICPUSDT,GALAUSDT,0.0,0.0,0
ICPUSDT,MEWUSDT,0.0,0.0,0
ICPUSDT,SYSUSDT,0.0,0.0,0
ICPUSDT,APEUSDT,0.0,0.0,0
ICPUSDT,KSMUSDT,0.0,0.0,0
ICPUSDT,CELOUSDT,0.0,0.0,0
ICPUSDT,1000XECUSDT,0.0,0.0,0
ICPUSDT,TRBUSDT,0.0,0.0,0
ICPUSDT,XAIUSDT,0.0,0.0,0
ICPUSDT,KDAUSDT,0.0,0.0,0
ICPUSDT,AEVOUSDT,0.0,0.0,0
ICPUSDT,MASKUSDT,0.0,0.0,0
ICPUSDT,ZENUSDT,0.0,0.0,0
ICPUSDT,GHSTUSDT,0.0,0.0,0
ICPUSDT,MBOXUSDT,0.0,0.0,0
ICPUSDT,SANDUSDT,0.0,0.0,0
ICPUSDT,ORDIUSDT,0.0,0.0,0
ICPUSDT,ZRXUSDT,0.0,0.0,0
ICPUSDT,ENJUSDT,0.0,0.0,0
ICPUSDT,JASMYUSDT,0.0,0.0,0
ICPUSDT,GALAUSDT,0.0,0.0,0
ICPUSDT,MEWUSDT,0.0,0.0,0
ICPUSDT,SYSUSDT,0.0,0.0,0
ICPUSDT,APEUSDT,0.0,0.0,0
ICPUSDT,KSMUSDT,0.0,0.0,0
ICPUSDT,CELOUSDT,0.0,0.0,0
ICPUSDT,1000XECUSDT,0.0,0.0,0
ICPUSDT,TRBUSDT,0.0,0.0,0
ICPUSDT,XAIUSDT,0.0,0.0,0
ICPUSDT,KDAUSDT,0.0,0.0,0
ICPUSDT,AEVOUSDT,0.0,0.0,0
ICPUSDT,MASKUSDT,0.0,0.0,0
ICPUSDT,ZENUSDT,0.0,0.0,0
ICPUSDT,GHSTUSDT,0.0,0.0,0
ICPUSDT,MBOXUSDT,0.0,0.0,0
ICPUSDT,SANDUSDT,0.0,0.0,0
ICPUSDT,ORDIUSDT,0.0,0.0,0
ICPUSDT,ZRXUSDT,0.0,0.0,0
ICPUSDT,ENJUSDT,0.0,0.0,0
ICPUSDT,JASMYUSDT,0.0,0.0,0
ICPUSDT,GALAUSDT,0.0,0.0,0
ICPUSDT,MEWUSDT,0.0,0.0,0
ICPUSDT,SYSUSDT,0.0,0.0,0
ICPUSDT,APEUSDT,0.0,0.0,0
ICPUSDT,KSMUSDT,0.0,0.0,0
ICPUSDT,CELOUSDT,0.0,0.0,0
ICPUSDT,1000XECUSDT,0.0,0.0,0
ICPUSDT,TRBUSDT,0.0,0.0,0
ICPUSDT,XAIUSDT,0.0,0.0,0
ICPUSDT,KDAUSDT,0.0,0.0,0
ICPUSDT,AEVOUSDT,0.0,0.0,0
ICPUSDT,MASKUSDT,0.0,0.0,0
ICPUSDT,ZENUSDT,0.0,0.0,0
ICPUSDT,GHSTUSDT,0.0006575480007914164,0.024699660183384233,10
ICPUSDT,MBOXUSDT,-0.04973286345773981,0.02237445351318918,16
ICPUSDT,SANDUSDT,-0.07136069371884099,0.025335104321784003,16
ICPUSDT,ORDIUSDT,-0.009358897416198499,0.026002878991136392,10
ICPUSDT,ZRXUSDT,-0.01696335322233681,0.02676761031473848,14
ICPUSDT,ENJUSDT,-0.03705413042819017,0.02551429253832222,14
ICPUSDT,JASMYUSDT,-0.07794189809491979,0.024687360250149976,16
ICPUSDT,GALAUSDT,-0.0625073312730879,0.026665964286020437,14
ICPUSDT,MEWUSDT,-0.021003012027148577,0.023415957574787205,16
ICPUSDT,SYSUSDT,-0.0518086743078843,0.023363067273745063,14
ICPUSDT,APEUSDT,-0.05511271857479717,0.02407588186814633,12
ICPUSDT,KSMUSDT,0.033380585197159154,0.022626248696177687,24
ICPUSDT,CELOUSDT,-0.02827729787430812,0.025178430217460798,14
ICPUSDT,1000XECUSDT,-0.04609568926804296,0.022609126206968082,8
ICPUSDT,TRBUSDT,-0.04244152368291352,0.02981044177657187,26
ICPUSDT,XAIUSDT,-0.01052718431793185,0.019275488488977574,8
ICPUSDT,KDAUSDT,-0.03553548399344379,0.020192918662010353,10
ICPUSDT,AEVOUSDT,-0.03988373987413965,0.02056572610625855,16
ICPUSDT,MASKUSDT,-0.061897306217509024,0.021573381707657716,16
SCRTUSDT,ZENUSDT,0.0,0.0,0
SCRTUSDT,ZENUSDT,0.0,0.0,0
SCRTUSDT,ZENUSDT,0.0,0.0,0
SCRTUSDT,ZENUSDT,-0.002950449159629498,0.03796139260417089,2
JASMYUSDT,ZENUSDT,0.0,0.0,0
JASMYUSDT,GHSTUSDT,0.0,0.0,0
JASMYUSDT,MBOXUSDT,0.0,0.0,0
JASMYUSDT,ZRXUSDT,0.0,0.0,0
JASMYUSDT,ENJUSDT,0.0,0.0,0
JASMYUSDT,ICPUSDT,0.0,0.0,0
JASMYUSDT,GALAUSDT,0.0,0.0,0
JASMYUSDT,APEUSDT,0.0,0.0,0
JASMYUSDT,TRBUSDT,0.0,0.0,0
JASMYUSDT,XAIUSDT,0.0,0.0,0
JASMYUSDT,KDAUSDT,0.0,0.0,0
JASMYUSDT,AEVOUSDT,0.0,0.0,0
JASMYUSDT,ZENUSDT,0.0,0.0,0
JASMYUSDT,GHSTUSDT,0.0,0.0,0
JASMYUSDT,MBOXUSDT,0.0,0.0,0
JASMYUSDT,ZRXUSDT,0.0,0.0,0
JASMYUSDT,ENJUSDT,0.0,0.0,0
JASMYUSDT,ICPUSDT,0.0,0.0,0
JASMYUSDT,GALAUSDT,0.0,0.0,0
JASMYUSDT,APEUSDT,0.0,0.0,0
JASMYUSDT,TRBUSDT,0.0,0.0,0
JASMYUSDT,XAIUSDT,0.0,0.0,0
JASMYUSDT,KDAUSDT,0.0,0.0,0
JASMYUSDT,AEVOUSDT,0.0,0.0,0
JASMYUSDT,ZENUSDT,0.0,0.0,0
JASMYUSDT,GHSTUSDT,0.0,0.0,0
JASMYUSDT,MBOXUSDT,0.0,0.0,0
JASMYUSDT,ZRXUSDT,0.0,0.0,0
JASMYUSDT,ENJUSDT,0.0,0.0,0
JASMYUSDT,ICPUSDT,0.0,0.0,0
JASMYUSDT,GALAUSDT,0.0,0.0,0
JASMYUSDT,APEUSDT,0.0,0.0,0
JASMYUSDT,TRBUSDT,0.0,0.0,0
JASMYUSDT,XAIUSDT,0.0,0.0,0
JASMYUSDT,KDAUSDT,0.0,0.0,0
JASMYUSDT,AEVOUSDT,0.0,0.0,0
JASMYUSDT,ZENUSDT,-0.01715644888984537,0.045064392469278826,2
JASMYUSDT,GHSTUSDT,-0.0571962941717492,0.02251895405550883,32
JASMYUSDT,MBOXUSDT,-0.05595105765527457,0.02327414626207213,26
JASMYUSDT,ZRXUSDT,-0.009192000717996161,0.02599389685273756,22
JASMYUSDT,ENJUSDT,-0.08144667349739193,0.031300427222780224,20
JASMYUSDT,ICPUSDT,-0.0779418980949198,0.024687360250149976,16
JASMYUSDT,GALAUSDT,-0.023334134761111326,0.025578531886570197,16
JASMYUSDT,APEUSDT,-0.09893456852336899,0.022321485842186482,28
JASMYUSDT,TRBUSDT,-0.13717105149261888,0.02990736216901927,30
JASMYUSDT,XAIUSDT,-0.10100530503067609,0.03336162536699994,28
JASMYUSDT,KDAUSDT,-0.030608767598798683,0.021481897704125317,18
JASMYUSDT,AEVOUSDT,-0.07796241834329873,0.019880460920963187,24
GALAUSDT,ZENUSDT,0.0,0.0,0
GALAUSDT,GHSTUSDT,0.0,0.0,0
GALAUSDT,MBOXUSDT,0.0,0.0,0
GALAUSDT,SANDUSDT,0.0,0.0,0
GALAUSDT,ORDIUSDT,0.0,0.0,0
GALAUSDT,ZRXUSDT,0.0,0.0,0
GALAUSDT,ENJUSDT,0.0,0.0,0
GALAUSDT,ICPUSDT,0.0,0.0,0
GALAUSDT,JASMYUSDT,0.0,0.0,0
GALAUSDT,MEWUSDT,0.0,0.0,0
GALAUSDT,SYSUSDT,0.0,0.0,0
GALAUSDT,APEUSDT,0.0,0.0,0
GALAUSDT,KSMUSDT,0.0,0.0,0
GALAUSDT,CELOUSDT,0.0,0.0,0
GALAUSDT,1000XECUSDT,0.0,0.0,0
GALAUSDT,TRBUSDT,0.0,0.0,0
GALAUSDT,XAIUSDT,0.0,0.0,0
GALAUSDT,KDAUSDT,0.0,0.0,0
GALAUSDT,AEVOUSDT,0.0,0.0,0
GALAUSDT,MASKUSDT,0.0,0.0,0
GALAUSDT,ZENUSDT,0.0,0.0,0
GALAUSDT,GHSTUSDT,0.0,0.0,0
GALAUSDT,MBOXUSDT,0.0,0.0,0
GALAUSDT,SANDUSDT,0.0,0.0,0
GALAUSDT,ORDIUSDT,0.0,0.0,0
GALAUSDT,ZRXUSDT,0.0,0.0,0
GALAUSDT,ENJUSDT,0.0,0.0,0
GALAUSDT,ICPUSDT,0.0,0.0,0
GALAUSDT,JASMYUSDT,0.0,0.0,0
GALAUSDT,MEWUSDT,0.0,0.0,0
GALAUSDT,SYSUSDT,0.0,0.0,0
GALAUSDT,APEUSDT,0.0,0.0,0
GALAUSDT,KSMUSDT,0.0,0.0,0
GALAUSDT,CELOUSDT,0.0,0.0,0
GALAUSDT,1000XECUSDT,0.0,0.0,0
GALAUSDT,TRBUSDT,0.0,0.0,0
GALAUSDT,XAIUSDT,0.0,0.0,0
GALAUSDT,KDAUSDT,0.0,0.0,0
GALAUSDT,AEVOUSDT,0.0,0.0,0
GALAUSDT,MASKUSDT,0.0,0.0,0
GALAUSDT,ZENUSDT,0.0,0.0,0
GALAUSDT,GHSTUSDT,0.0,0.0,0
GALAUSDT,MBOXUSDT,0.0,0.0,0
GALAUSDT,SANDUSDT,0.0,0.0,0
GALAUSDT,ORDIUSDT,0.0,0.0,0
GALAUSDT,ZRXUSDT,0.0,0.0,0
GALAUSDT,ENJUSDT,0.0,0.0,0
GALAUSDT,ICPUSDT,0.0,0.0,0
GALAUSDT,JASMYUSDT,0.0,0.0,0
GALAUSDT,MEWUSDT,0.0,0.0,0
GALAUSDT,SYSUSDT,0.0,0.0,0
GALAUSDT,APEUSDT,0.0,0.0,0
GALAUSDT,KSMUSDT,0.0,0.0,0
GALAUSDT,CELOUSDT,0.0,0.0,0
GALAUSDT,1000XECUSDT,0.0,0.0,0
GALAUSDT,TRBUSDT,0.0,0.0,0
GALAUSDT,XAIUSDT,0.0,0.0,0
GALAUSDT,KDAUSDT,0.0,0.0,0
GALAUSDT,AEVOUSDT,0.0,0.0,0
GALAUSDT,MASKUSDT,0.0,0.0,0
GALAUSDT,ZENUSDT,-0.006943076445623725,0.039957706247168004,2
GALAUSDT,GHSTUSDT,-0.006881031501378684,0.024836678000522642,32
GALAUSDT,MBOXUSDT,-0.059332625406913544,0.02480177610240249,26
GALAUSDT,SANDUSDT,-0.09641600222918001,0.018587081983025864,26
GALAUSDT,ORDIUSDT,-0.021365575548958994,0.030977534493858466,16
GALAUSDT,ZRXUSDT,-0.027999594352990136,0.017999060927253886,18
GALAUSDT,ENJUSDT,-0.053834822453588366,0.033629201460141915,28
GALAUSDT,ICPUSDT,-0.08204182718541059,0.025020401268229967,16
GALAUSDT,JASMYUSDT,-0.010995429569210308,0.02766066133931522,10
GALAUSDT,MEWUSDT,-0.007391114026048147,0.02562765211293149,18
GALAUSDT,SYSUSDT,2.224939723292213e-05,0.03149530019546639,20
GALAUSDT,APEUSDT,-0.04825754118550652,0.021711795226675296,28
GALAUSDT,KSMUSDT,-0.03491770975604444,0.02805853505454432,26
GALAUSDT,CELOUSDT,-0.0985112730628723,0.024916499979613285,24
GALAUSDT,1000XECUSDT,0.036285522781207204,0.03596165786850792,16
GALAUSDT,TRBUSDT,-0.04912332062814282,0.03205712851751432,22
GALAUSDT,XAIUSDT,-0.06869604911758717,0.03804199659306457,24
GALAUSDT,KDAUSDT,-0.019881829305866867,0.016978613365776288,26
GALAUSDT,AEVOUSDT,-0.03627453126875699,0.019382714324655367,24
GALAUSDT,MASKUSDT,-0.054208772865433325,0.015643123000314986,22
MEWUSDT,ZENUSDT,0.0,0.0,0
MEWUSDT,GHSTUSDT,0.0,0.0,0
MEWUSDT,MBOXUSDT,0.0,0.0,0
MEWUSDT,SANDUSDT,0.0,0.0,0
MEWUSDT,ORDIUSDT,0.0,0.0,0
MEWUSDT,ZRXUSDT,0.0,0.0,0
MEWUSDT,ENJUSDT,0.0,0.0,0
MEWUSDT,ICPUSDT,0.0,0.0,0
MEWUSDT,GALAUSDT,0.0,0.0,0
MEWUSDT,SYSUSDT,0.0,0.0,0
MEWUSDT,APEUSDT,0.0,0.0,0
MEWUSDT,KSMUSDT,0.0,0.0,0
MEWUSDT,CELOUSDT,0.0,0.0,0
MEWUSDT,1000XECUSDT,0.0,0.0,0
MEWUSDT,TRBUSDT,0.0,0.0,0
MEWUSDT,XAIUSDT,0.0,0.0,0
MEWUSDT,KDAUSDT,0.0,0.0,0
MEWUSDT,AEVOUSDT,0.0,0.0,0
MEWUSDT,MASKUSDT,0.0,0.0,0
MEWUSDT,ZENUSDT,0.0,0.0,0
MEWUSDT,GHSTUSDT,0.0,0.0,0
MEWUSDT,MBOXUSDT,0.0,0.0,0
MEWUSDT,SANDUSDT,0.0,0.0,0
MEWUSDT,ORDIUSDT,0.0,0.0,0
MEWUSDT,ZRXUSDT,0.0,0.0,0
MEWUSDT,ENJUSDT,0.0,0.0,0
MEWUSDT,ICPUSDT,0.0,0.0,0
MEWUSDT,GALAUSDT,0.0,0.0,0
MEWUSDT,SYSUSDT,0.0,0.0,0
MEWUSDT,APEUSDT,0.0,0.0,0
MEWUSDT,KSMUSDT,0.0,0.0,0
MEWUSDT,CELOUSDT,0.0,0.0,0
MEWUSDT,1000XECUSDT,0.0,0.0,0
MEWUSDT,TRBUSDT,0.0,0.0,0
MEWUSDT,XAIUSDT,0.0,0.0,0
MEWUSDT,KDAUSDT,0.0,0.0,0
MEWUSDT,AEVOUSDT,0.0,0.0,0
MEWUSDT,MASKUSDT,0.0,0.0,0
MEWUSDT,ZENUSDT,0.0,0.0,0
MEWUSDT,GHSTUSDT,0.0,0.0,0
MEWUSDT,MBOXUSDT,0.0,0.0,0
MEWUSDT,SANDUSDT,0.0,0.0,0
MEWUSDT,ORDIUSDT,0.0,0.0,0
MEWUSDT,ZRXUSDT,0.0,0.0,0
MEWUSDT,ENJUSDT,0.0,0.0,0
MEWUSDT,ICPUSDT,0.0,0.0,0
MEWUSDT,GALAUSDT,0.0,0.0,0
MEWUSDT,SYSUSDT,0.0,0.0,0
MEWUSDT,APEUSDT,0.0,0.0,0
MEWUSDT,KSMUSDT,0.0,0.0,0
MEWUSDT,CELOUSDT,0.0,0.0,0
MEWUSDT,1000XECUSDT,0.0,0.0,0
MEWUSDT,TRBUSDT,0.0,0.0,0
MEWUSDT,XAIUSDT,0.0,0.0,0
MEWUSDT,KDAUSDT,0.0,0.0,0
MEWUSDT,AEVOUSDT,0.0,0.0,0
MEWUSDT,MASKUSDT,0.0,0.0,0
MEWUSDT,ZENUSDT,0.0002947443536871555,0.03633879584751257,2
MEWUSDT,GHSTUSDT,-0.0402306926591389,0.022038322725277445,32
MEWUSDT,MBOXUSDT,-0.03576932262981471,0.02343042828468863,20
MEWUSDT,SANDUSDT,0.004619005945711796,0.019467843305461238,2
MEWUSDT,ORDIUSDT,-0.006086668861053477,0.02788358461422902,16
MEWUSDT,ZRXUSDT,-0.05172267041207346,0.01369777107814326,16
MEWUSDT,ENJUSDT,0.0003086148100408907,0.013808017607089572,4
MEWUSDT,ICPUSDT,0.0,0.0,0
MEWUSDT,GALAUSDT,-0.014274712142611473,0.014222809523017042,8
MEWUSDT,SYSUSDT,-0.009149548197980892,0.02565545137418124,14
MEWUSDT,APEUSDT,-0.07215924180785006,0.01974995148809791,28
MEWUSDT,KSMUSDT,0.01486292507286201,0.02915086280696398,10
MEWUSDT,CELOUSDT,-0.061075257768905544,0.016555286967275526,14
MEWUSDT,1000XECUSDT,-0.13644033880368947,0.024664606598705115,18
MEWUSDT,TRBUSDT,-0.061403145562531465,0.025278674529688062,22
MEWUSDT,XAIUSDT,-0.06837769064693389,0.033652949222670835,26
MEWUSDT,KDAUSDT,0.0,0.0,0
MEWUSDT,AEVOUSDT,-0.03853684081285226,0.017703649343651144,24
MEWUSDT,MASKUSDT,-0.08551079175686381,0.013779727635558887,24
SYSUSDT,ZENUSDT,0.0,0.0,0
SYSUSDT,GHSTUSDT,0.0,0.0,0
SYSUSDT,MBOXUSDT,0.0,0.0,0
SYSUSDT,SANDUSDT,0.0,0.0,0
SYSUSDT,ORDIUSDT,0.0,0.0,0
SYSUSDT,ZRXUSDT,0.0,0.0,0
SYSUSDT,ENJUSDT,0.0,0.0,0
SYSUSDT,ICPUSDT,0.0,0.0,0
SYSUSDT,GALAUSDT,0.0,0.0,0
SYSUSDT,MEWUSDT,0.0,0.0,0
SYSUSDT,APEUSDT,0.0,0.0,0
SYSUSDT,KSMUSDT,0.0,0.0,0
SYSUSDT,CELOUSDT,0.0,0.0,0
SYSUSDT,MTLUSDT,0.0,0.0,0
SYSUSDT,1000XECUSDT,0.0,0.0,0
SYSUSDT,TRBUSDT,0.0,0.0,0
SYSUSDT,XAIUSDT,0.0,0.0,0
SYSUSDT,KDAUSDT,0.0,0.0,0
SYSUSDT,AEVOUSDT,0.0,0.0,0
SYSUSDT,MASKUSDT,0.0,0.0,0
SYSUSDT,ZENUSDT,0.0,0.0,0
SYSUSDT,GHSTUSDT,0.0,0.0,0
SYSUSDT,MBOXUSDT,0.0,0.0,0
SYSUSDT,SANDUSDT,0.0,0.0,0
SYSUSDT,ORDIUSDT,0.0,0.0,0
SYSUSDT,ZRXUSDT,0.0,0.0,0
SYSUSDT,ENJUSDT,0.0,0.0,0
SYSUSDT,ICPUSDT,0.0,0.0,0
SYSUSDT,GALAUSDT,0.0,0.0,0
SYSUSDT,MEWUSDT,0.0,0.0,0
SYSUSDT,APEUSDT,0.0,0.0,0
SYSUSDT,KSMUSDT,0.0,0.0,0
SYSUSDT,CELOUSDT,0.0,0.0,0
SYSUSDT,MTLUSDT,0.0,0.0,0
SYSUSDT,1000XECUSDT,0.0,0.0,0
SYSUSDT,TRBUSDT,0.0,0.0,0
SYSUSDT,XAIUSDT,0.0,0.0,0
SYSUSDT,KDAUSDT,0.0,0.0,0
SYSUSDT,AEVOUSDT,0.0,0.0,0
SYSUSDT,MASKUSDT,0.0,0.0,0
SYSUSDT,ZENUSDT,0.0,0.0,0
SYSUSDT,GHSTUSDT,0.0,0.0,0
SYSUSDT,MBOXUSDT,0.0,0.0,0
SYSUSDT,SANDUSDT,0.0,0.0,0
SYSUSDT,ORDIUSDT,0.0,0.0,0
SYSUSDT,ZRXUSDT,0.0,0.0,0
SYSUSDT,ENJUSDT,0.0,0.0,0
SYSUSDT,ICPUSDT,0.0,0.0,0
SYSUSDT,GALAUSDT,0.0,0.0,0
SYSUSDT,MEWUSDT,0.0,0.0,0
SYSUSDT,APEUSDT,0.0,0.0,0
SYSUSDT,KSMUSDT,0.0,0.0,0
SYSUSDT,CELOUSDT,0.0,0.0,0
SYSUSDT,MTLUSDT,0.0,0.0,0
SYSUSDT,1000XECUSDT,0.0,0.0,0
SYSUSDT,TRBUSDT,0.0,0.0,0
SYSUSDT,XAIUSDT,0.0,0.0,0
SYSUSDT,KDAUSDT,0.0,0.0,0
SYSUSDT,AEVOUSDT,0.0,0.0,0
SYSUSDT,MASKUSDT,0.0,0.0,0
SYSUSDT,ZENUSDT,-3.991893216560155e-05,0.03650612749043894,2
SYSUSDT,GHSTUSDT,-0.07834150724396856,0.022440246277028703,30
SYSUSDT,MBOXUSDT,-0.03940125134841907,0.02355105136409083,18
SYSUSDT,SANDUSDT,-0.04788476902987781,0.015795119324710068,12
SYSUSDT,ORDIUSDT,-0.01912382960433391,0.0260516511472669,16
SYSUSDT,ZRXUSDT,-0.013159469291296848,0.02169446091396537,20
SYSUSDT,ENJUSDT,-0.031188564135608825,0.024087046088539656,12
SYSUSDT,ICPUSDT,-0.05249034443683388,0.018166655877880702,14
SYSUSDT,GALAUSDT,2.224939723292213e-05,0.03149530019546639,20
SYSUSDT,MEWUSDT,-0.04930286053829239,0.02476022810335765,38
SYSUSDT,APEUSDT,-0.0320567639610879,0.02248772867173202,18
SYSUSDT,KSMUSDT,-0.025515911350613468,0.02481916841072243,26
SYSUSDT,CELOUSDT,-0.08305917059870721,0.017035013841994597,22
SYSUSDT,MTLUSDT,0.004559183265209706,0.03352207515060007,10
SYSUSDT,1000XECUSDT,0.012298094837239659,0.023273999084301382,34
SYSUSDT,TRBUSDT,-0.08207369004160585,0.02696222305451795,34
SYSUSDT,XAIUSDT,-0.09980386415153102,0.03772861402357727,24
SYSUSDT,KDAUSDT,-0.006230213788961839,0.01887063108742411,18
SYSUSDT,AEVOUSDT,-0.039823776622689,0.019078634094336563,18
SYSUSDT,MASKUSDT,-0.09640121552052165,0.013399435094438849,26
APEUSDT,ZENUSDT,0.0,0.0,0
APEUSDT,GHSTUSDT,0.0,0.0,0
APEUSDT,MBOXUSDT,0.0,0.0,0
APEUSDT,SANDUSDT,0.0,0.0,0
APEUSDT,ORDIUSDT,0.0,0.0,0
APEUSDT,ZRXUSDT,0.0,0.0,0
APEUSDT,ENJUSDT,0.0,0.0,0
APEUSDT,ICPUSDT,0.0,0.0,0
APEUSDT,JASMYUSDT,0.0,0.0,0
APEUSDT,GALAUSDT,0.0,0.0,0
APEUSDT,MEWUSDT,0.0,0.0,0
APEUSDT,SYSUSDT,0.0,0.0,0
APEUSDT,KSMUSDT,0.0,0.0,0
APEUSDT,CELOUSDT,0.0,0.0,0
APEUSDT,1000XECUSDT,0.0,0.0,0
APEUSDT,TRBUSDT,0.0,0.0,0
APEUSDT,XAIUSDT,0.0,0.0,0
APEUSDT,KDAUSDT,0.0,0.0,0
APEUSDT,AEVOUSDT,0.0,0.0,0
APEUSDT,MASKUSDT,0.0,0.0,0
APEUSDT,ZENUSDT,0.0,0.0,0
APEUSDT,GHSTUSDT,0.0,0.0,0
APEUSDT,MBOXUSDT,0.0,0.0,0
APEUSDT,SANDUSDT,0.0,0.0,0
APEUSDT,ORDIUSDT,0.0,0.0,0
APEUSDT,ZRXUSDT,0.0,0.0,0
APEUSDT,ENJUSDT,0.0,0.0,0
APEUSDT,ICPUSDT,0.0,0.0,0
APEUSDT,JASMYUSDT,0.0,0.0,0
APEUSDT,GALAUSDT,0.0,0.0,0
APEUSDT,MEWUSDT,0.0,0.0,0
APEUSDT,SYSUSDT,0.0,0.0,0
APEUSDT,KSMUSDT,0.0,0.0,0
APEUSDT,CELOUSDT,0.0,0.0,0
APEUSDT,1000XECUSDT,0.0,0.0,0
APEUSDT,TRBUSDT,0.0,0.0,0
APEUSDT,XAIUSDT,0.0,0.0,0
APEUSDT,KDAUSDT,0.0,0.0,0
APEUSDT,AEVOUSDT,0.0,0.0,0
APEUSDT,MASKUSDT,0.0,0.0,0
APEUSDT,ZENUSDT,0.0,0.0,0
APEUSDT,GHSTUSDT,0.0,0.0,0
APEUSDT,MBOXUSDT,0.0,0.0,0
APEUSDT,SANDUSDT,0.0,0.0,0
APEUSDT,ORDIUSDT,0.0,0.0,0
APEUSDT,ZRXUSDT,0.0,0.0,0
APEUSDT,ENJUSDT,0.0,0.0,0
APEUSDT,ICPUSDT,0.0,0.0,0
APEUSDT,JASMYUSDT,0.0,0.0,0
APEUSDT,GALAUSDT,0.0,0.0,0
APEUSDT,MEWUSDT,0.0,0.0,0
APEUSDT,SYSUSDT,0.0,0.0,0
APEUSDT,KSMUSDT,0.0,0.0,0
APEUSDT,CELOUSDT,0.0,0.0,0
APEUSDT,1000XECUSDT,0.0,0.0,0
APEUSDT,TRBUSDT,0.0,0.0,0
APEUSDT,XAIUSDT,0.0,0.0,0
APEUSDT,KDAUSDT,0.0,0.0,0
APEUSDT,AEVOUSDT,0.0,0.0,0
APEUSDT,MASKUSDT,0.0,0.0,0
APEUSDT,ZENUSDT,-0.00501903843883969,0.03899568724377599,2
APEUSDT,GHSTUSDT,-0.04591791151737234,0.017812825165334296,14
APEUSDT,MBOXUSDT,-0.061337004746827684,0.020179846340933928,28
APEUSDT,SANDUSDT,-0.03605743682471995,0.025966136149806505,18
APEUSDT,ORDIUSDT,-0.0064045273213976985,0.024850343077170114,18
APEUSDT,ZRXUSDT,-0.014154622770893143,0.01697551533577188,22
APEUSDT,ENJUSDT,-0.04257048095533769,0.0223794363277026,28
APEUSDT,ICPUSDT,-0.083238450695344,0.02096308419041498,16
APEUSDT,JASMYUSDT,-0.05049843238269679,0.021946580887840694,26
APEUSDT,GALAUSDT,-0.0414450963188594,0.021472496518261556,28
APEUSDT,MEWUSDT,-0.04384943074667967,0.021225830191548153,26
APEUSDT,SYSUSDT,-0.04641244556297734,0.01971297841170755,26
APEUSDT,KSMUSDT,-0.03340592327402145,0.02533893145895989,26
APEUSDT,CELOUSDT,0.0017428535934178174,0.014907033346593018,18
APEUSDT,1000XECUSDT,0.022280633362209153,0.02263610677562558,22
APEUSDT,TRBUSDT,-0.0822001661676907,0.027755528275759233,32
APEUSDT,XAIUSDT,-0.06069306542050287,0.022782922919308182,28
APEUSDT,KDAUSDT,-0.12632061514180348,0.020464509619187596,36
APEUSDT,AEVOUSDT,-0.045274608279347636,0.019363998098288124,28
APEUSDT,MASKUSDT,-0.04335576571168151,0.011964437384306236,16
KSMUSDT,ZENUSDT,0.0,0.0,0
KSMUSDT,GHSTUSDT,0.0,0.0,0
KSMUSDT,MBOXUSDT,0.0,0.0,0
KSMUSDT,SANDUSDT,0.0,0.0,0
KSMUSDT,ORDIUSDT,0.0,0.0,0
KSMUSDT,ZRXUSDT,0.0,0.0,0
KSMUSDT,ENJUSDT,0.0,0.0,0
KSMUSDT,ICPUSDT,0.0,0.0,0
KSMUSDT,GALAUSDT,0.0,0.0,0
KSMUSDT,MEWUSDT,0.0,0.0,0
KSMUSDT,SYSUSDT,0.0,0.0,0
KSMUSDT,APEUSDT,0.0,0.0,0
KSMUSDT,CELOUSDT,0.0,0.0,0
KSMUSDT,1000XECUSDT,0.0,0.0,0
KSMUSDT,TRBUSDT,0.0,0.0,0
KSMUSDT,XAIUSDT,0.0,0.0,0
KSMUSDT,KDAUSDT,0.0,0.0,0
KSMUSDT,AEVOUSDT,0.0,0.0,0
KSMUSDT,ZENUSDT,0.0,0.0,0
KSMUSDT,GHSTUSDT,0.0,0.0,0
KSMUSDT,MBOXUSDT,0.0,0.0,0
KSMUSDT,SANDUSDT,0.0,0.0,0
KSMUSDT,ORDIUSDT,0.0,0.0,0
KSMUSDT,ZRXUSDT,0.0,0.0,0
KSMUSDT,ENJUSDT,0.0,0.0,0
KSMUSDT,ICPUSDT,0.0,0.0,0
KSMUSDT,GALAUSDT,0.0,0.0,0
KSMUSDT,MEWUSDT,0.0,0.0,0
KSMUSDT,SYSUSDT,0.0,0.0,0
KSMUSDT,APEUSDT,0.0,0.0,0
KSMUSDT,CELOUSDT,0.0,0.0,0
KSMUSDT,1000XECUSDT,0.0,0.0,0
KSMUSDT,TRBUSDT,0.0,0.0,0
KSMUSDT,XAIUSDT,0.0,0.0,0
KSMUSDT,KDAUSDT,0.0,0.0,0
KSMUSDT,AEVOUSDT,0.0,0.0,0
KSMUSDT,ZENUSDT,0.0,0.0,0
KSMUSDT,GHSTUSDT,0.0,0.0,0
KSMUSDT,MBOXUSDT,0.0,0.0,0
KSMUSDT,SANDUSDT,0.0,0.0,0
KSMUSDT,ORDIUSDT,0.0,0.0,0
KSMUSDT,ZRXUSDT,0.0,0.0,0
KSMUSDT,ENJUSDT,0.0,0.0,0
KSMUSDT,ICPUSDT,0.0,0.0,0
KSMUSDT,GALAUSDT,0.0,0.0,0
KSMUSDT,MEWUSDT,0.0,0.0,0
KSMUSDT,SYSUSDT,0.0,0.0,0
KSMUSDT,APEUSDT,0.0,0.0,0
KSMUSDT,CELOUSDT,0.0,0.0,0
KSMUSDT,1000XECUSDT,0.0,0.0,0
KSMUSDT,TRBUSDT,0.0,0.0,0
KSMUSDT,XAIUSDT,0.0,0.0,0
KSMUSDT,KDAUSDT,0.0,0.0,0
KSMUSDT,AEVOUSDT,0.0,0.0,0
KSMUSDT,ZENUSDT,-0.0450173012180478,0.04409168601035591,2
KSMUSDT,GHSTUSDT,0.03468659058911784,0.02495986381323554,26
KSMUSDT,MBOXUSDT,-0.03423254509319276,0.026457558704884317,26
KSMUSDT,SANDUSDT,-0.0009716410485231704,0.023691525754055552,2
KSMUSDT,ORDIUSDT,0.03297228724498797,0.028664590102132896,12
KSMUSDT,ZRXUSDT,0.0061140873146386734,0.027808813029210826,26
KSMUSDT,ENJUSDT,-0.030217781634096663,0.027826915379574362,26
KSMUSDT,ICPUSDT,0.024308304591096515,0.023797227287498866,18
KSMUSDT,GALAUSDT,-0.03491770975604443,0.02805853505454432,26
KSMUSDT,MEWUSDT,-0.018569889308003733,0.026099575661707085,26
KSMUSDT,SYSUSDT,-0.025515911350613485,0.024819168410722434,26
KSMUSDT,APEUSDT,-0.02111076913287882,0.0281890605182194,28
KSMUSDT,CELOUSDT,0.013334237738018326,0.028555286398665402,28
KSMUSDT,1000XECUSDT,-0.017147349736178708,0.026624876302981902,26
KSMUSDT,TRBUSDT,-0.02018980164684177,0.027867701960469903,16
KSMUSDT,XAIUSDT,-0.029529604641593404,0.02842613058043954,26
KSMUSDT,KDAUSDT,-0.04130079871129448,0.028038041907667902,26
KSMUSDT,AEVOUSDT,0.0060269125977504695,0.028478454484831453,18
CELOUSDT,ZENUSDT,0.0,0.0,0
CELOUSDT,GHSTUSDT,0.0,0.0,0
CELOUSDT,MBOXUSDT,0.0,0.0,0
CELOUSDT,SANDUSDT,0.0,0.0,0
CELOUSDT,ORDIUSDT,0.0,0.0,0
CELOUSDT,ZRXUSDT,0.0,0.0,0
CELOUSDT,ENJUSDT,0.0,0.0,0
CELOUSDT,ICPUSDT,0.0,0.0,0
CELOUSDT,GALAUSDT,0.0,0.0,0
CELOUSDT,MEWUSDT,0.0,0.0,0
CELOUSDT,SYSUSDT,0.0,0.0,0
CELOUSDT,APEUSDT,0.0,0.0,0
CELOUSDT,KSMUSDT,0.0,0.0,0
CELOUSDT,MTLUSDT,0.0,0.0,0
CELOUSDT,1000XECUSDT,0.0,0.0,0
CELOUSDT,TRBUSDT,0.0,0.0,0
CELOUSDT,XAIUSDT,0.0,0.0,0
CELOUSDT,KDAUSDT,0.0,0.0,0
CELOUSDT,AEVOUSDT,0.0,0.0,0
CELOUSDT,MASKUSDT,0.0,0.0,0
CELOUSDT,ZENUSDT,0.0,0.0,0
CELOUSDT,GHSTUSDT,0.0,0.0,0
CELOUSDT,MBOXUSDT,0.0,0.0,0
CELOUSDT,SANDUSDT,0.0,0.0,0
CELOUSDT,ORDIUSDT,0.0,0.0,0
CELOUSDT,ZRXUSDT,0.0,0.0,0
CELOUSDT,ENJUSDT,0.0,0.0,0
CELOUSDT,ICPUSDT,0.0,0.0,0
CELOUSDT,GALAUSDT,0.0,0.0,0
CELOUSDT,MEWUSDT,0.0,0.0,0
CELOUSDT,SYSUSDT,0.0,0.0,0
CELOUSDT,APEUSDT,0.0,0.0,0
CELOUSDT,KSMUSDT,0.0,0.0,0
CELOUSDT,MTLUSDT,0.0,0.0,0
CELOUSDT,1000XECUSDT,0.0,0.0,0
CELOUSDT,TRBUSDT,0.0,0.0,0
CELOUSDT,XAIUSDT,0.0,0.0,0
CELOUSDT,KDAUSDT,0.0,0.0,0
CELOUSDT,AEVOUSDT,0.0,0.0,0
CELOUSDT,MASKUSDT,0.0,0.0,0
CELOUSDT,ZENUSDT,0.0,0.0,0
CELOUSDT,GHSTUSDT,0.0,0.0,0
CELOUSDT,MBOXUSDT,0.0,0.0,0
CELOUSDT,SANDUSDT,0.0,0.0,0
CELOUSDT,ORDIUSDT,0.0,0.0,0
CELOUSDT,ZRXUSDT,0.0,0.0,0
CELOUSDT,ENJUSDT,0.0,0.0,0
CELOUSDT,ICPUSDT,0.0,0.0,0
CELOUSDT,GALAUSDT,0.0,0.0,0
CELOUSDT,MEWUSDT,0.0,0.0,0
CELOUSDT,SYSUSDT,0.0,0.0,0
CELOUSDT,APEUSDT,0.0,0.0,0
CELOUSDT,KSMUSDT,0.0,0.0,0
CELOUSDT,MTLUSDT,0.0,0.0,0
CELOUSDT,1000XECUSDT,0.0,0.0,0
CELOUSDT,TRBUSDT,0.0,0.0,0
CELOUSDT,XAIUSDT,0.0,0.0,0
CELOUSDT,KDAUSDT,0.0,0.0,0
CELOUSDT,AEVOUSDT,0.0,0.0,0
CELOUSDT,MASKUSDT,0.0,0.0,0
CELOUSDT,ZENUSDT,-0.011991550444455691,0.042481943246583984,2
CELOUSDT,GHSTUSDT,-0.0019119216007853403,0.02417130096280281,8
CELOUSDT,MBOXUSDT,-0.03477484593067219,0.01931931376828875,10
CELOUSDT,SANDUSDT,-0.019013344248852544,0.012753055006997284,24
CELOUSDT,ORDIUSDT,-0.04135554476971198,0.028947416518493377,16
CELOUSDT,ZRXUSDT,0.005364275892979279,0.017754627094263176,24
CELOUSDT,ENJUSDT,-0.04198448847579791,0.01911952495039319,24
CELOUSDT,ICPUSDT,-0.02827729787430813,0.025178430217460798,14
CELOUSDT,GALAUSDT,-0.1105752629875326,0.025148310673691276,30
CELOUSDT,MEWUSDT,-0.08356036091335058,0.02385344883566136,28
CELOUSDT,SYSUSDT,-0.07917881213953924,0.021602639242116813,22
CELOUSDT,APEUSDT,0.0017428535934178096,0.014907033346593018,18
CELOUSDT,KSMUSDT,0.011169013011087015,0.02659082764663988,26
CELOUSDT,MTLUSDT,-0.046286027098397346,0.01340074574258306,12
CELOUSDT,1000XECUSDT,-0.0647365056901011,0.025972392010347994,30
CELOUSDT,TRBUSDT,-0.038782840462779154,0.027607413455465427,34
CELOUSDT,XAIUSDT,0.0,0.0,0
CELOUSDT,KDAUSDT,0.013602002539500783,0.022087567050521433,6
CELOUSDT,AEVOUSDT,0.0028453973731391927,0.024694821691442877,16
CELOUSDT,MASKUSDT,-0.013920024850608033,0.01436228886134926,26
MEUSDT,ZENUSDT,0.0,0.0,0
MEUSDT,ZENUSDT,0.0,0.0,0
MEUSDT,ZENUSDT,0.0,0.0,0
MEUSDT,ZENUSDT,-0.005706280735083023,0.03933930839189766,2
MTLUSDT,SANDUSDT,0.0059003408902221135,0.01719598646092555,16
MTLUSDT,ORDIUSDT,-0.016353625839038148,0.024225191789842566,28
MTLUSDT,ZRXUSDT,0.004918121918603045,0.02246575761834723,2
MTLUSDT,SYSUSDT,0.0289542647830726,0.01814816884525166,12
MTLUSDT,CELOUSDT,-0.02466184482141825,0.020305354007063837,18
MTLUSDT,1000XECUSDT,-0.019240765235150323,0.019189273761473166,14
MTLUSDT,SANDUSDT,0.0914919132566845,0.028414254694760166,26
MTLUSDT,ORDIUSDT,0.03153786159936327,0.025866313403049047,22
MTLUSDT,ZRXUSDT,0.19239351315988892,0.0270259372057434,36
MTLUSDT,SYSUSDT,0.055931111785196094,0.02863201412032735,28
MTLUSDT,CELOUSDT,0.11530530618646467,0.019757370875246143,30
MTLUSDT,1000XECUSDT,0.015026064374968787,0.02589113066829839,18
MTLUSDT,SANDUSDT,0.07817458503592248,0.018432181054054496,14
MTLUSDT,ORDIUSDT,0.02922104421135439,0.01815020245786196,28
MTLUSDT,ZRXUSDT,-0.02017107965910344,0.023005238338816958,28
MTLUSDT,SYSUSDT,0.008293930850998756,0.001063290984756994,2
MTLUSDT,CELOUSDT,-0.011541814713953394,0.007542043699777989,12
MTLUSDT,1000XECUSDT,-0.025265301746057494,0.022782139609355233,24
MTLUSDT,SANDUSDT,-0.05154289891497431,0.029385995003217695,14
MTLUSDT,ORDIUSDT,-0.09000489112736185,0.033454225246866316,24
MTLUSDT,ZRXUSDT,0.08605793592955,0.03087346636102653,18
MTLUSDT,SYSUSDT,0.04321051083432914,0.038393406523776735,6
MTLUSDT,CELOUSDT,-0.01755065498277141,0.025968881275369202,14
MTLUSDT,1000XECUSDT,-0.020654051692111975,0.026386140727193693,14
1000XECUSDT,GHSTUSDT,-0.010404593835166821,0.03431894750057551,6
1000XECUSDT,MBOXUSDT,0.03204684567080843,0.030357124729510517,22
1000XECUSDT,SANDUSDT,-0.008731098517073384,0.028919802251863632,8
1000XECUSDT,ORDIUSDT,-0.05174364885900115,0.02323109087956041,26
1000XECUSDT,ZRXUSDT,-0.01887579848756105,0.021826765697395743,22
1000XECUSDT,ENJUSDT,0.000910072655007213,0.02901932539286996,18
1000XECUSDT,ICPUSDT,-0.001211065328066154,0.02415615009834217,24
1000XECUSDT,GALAUSDT,0.04687062277535211,0.02018905775674362,16
1000XECUSDT,MEWUSDT,-0.03126426943473369,0.024578730843768944,22
1000XECUSDT,SYSUSDT,0.004721551001767379,0.020534193256723312,30
1000XECUSDT,APEUSDT,0.07874809762319393,0.026386345107674437,32
1000XECUSDT,KSMUSDT,0.013024695135129313,0.023673373384656794,16
1000XECUSDT,CELOUSDT,-0.01976523505954263,0.025867623503844174,18
1000XECUSDT,MTLUSDT,-0.0430047299665676,0.020324256761392483,22
1000XECUSDT,TRBUSDT,-0.026115949438613763,0.026125659586602484,28
1000XECUSDT,XAIUSDT,-0.0028548598003687448,0.02207618602900545,22
1000XECUSDT,KDAUSDT,0.07136477520392404,0.02800975298075868,20
1000XECUSDT,AEVOUSDT,-0.008785650599213084,0.025964994707701066,14
1000XECUSDT,GHSTUSDT,0.08051124853615867,0.016702383317102172,18
1000XECUSDT,MBOXUSDT,0.005960401896164591,0.01942277376422264,16
1000XECUSDT,SANDUSDT,0.002406027222590982,0.02367058618449799,46
1000XECUSDT,ORDIUSDT,-0.016716772966817096,0.025375257745283236,22
1000XECUSDT,ZRXUSDT,-0.0014141447852267282,0.02462186948917252,28
1000XECUSDT,ENJUSDT,0.05136245349389039,0.019703750067492403,16
1000XECUSDT,ICPUSDT,-0.08931992760241403,0.01821445264092222,30
1000XECUSDT,GALAUSDT,0.10165347553207768,0.02327754312182214,20
1000XECUSDT,MEWUSDT,-0.04140627346039183,0.02303234632837311,16
1000XECUSDT,SYSUSDT,-0.010353562506941291,0.016741805781567535,16
1000XECUSDT,APEUSDT,-0.02218204899505482,0.018889774795302645,28
1000XECUSDT,KSMUSDT,-0.002518333600428175,0.027909267043190765,32
1000XECUSDT,CELOUSDT,-0.04982388927842862,0.02250282265786149,44
1000XECUSDT,MTLUSDT,0.030986957773668073,0.02674184353269507,28
1000XECUSDT,TRBUSDT,-0.026826074896186873,0.015033000763198495,14
1000XECUSDT,XAIUSDT,0.04137168840852444,0.02602749421843836,20
1000XECUSDT,KDAUSDT,0.008069927354496978,0.02368941452788389,24
1000XECUSDT,AEVOUSDT,0.029024030147739632,0.017262029768332233,26
1000XECUSDT,GHSTUSDT,-0.007408833817427122,0.022925837193601785,16
1000XECUSDT,MBOXUSDT,-0.017790305891479494,0.022296321177674095,20
1000XECUSDT,SANDUSDT,0.07646234808795276,0.03335555079436839,22
1000XECUSDT,ORDIUSDT,0.012268169469646163,0.021258617642827552,32
1000XECUSDT,ZRXUSDT,-0.11781681533620246,0.023384537484889088,32
1000XECUSDT,ENJUSDT,-0.008321838834350132,0.034982797792606254,14
1000XECUSDT,ICPUSDT,-0.028492485186846175,0.034847462156035104,6
1000XECUSDT,GALAUSDT,-0.08732988937312297,0.03075858379302965,32
1000XECUSDT,MEWUSDT,0.024285917484719827,0.023141665366746722,24
1000XECUSDT,SYSUSDT,-0.036913650569478096,0.012415389046343503,16
1000XECUSDT,APEUSDT,-0.10796098352581225,0.03027069663840612,34
1000XECUSDT,KSMUSDT,0.06686685787066497,0.025703788739991806,32
1000XECUSDT,CELOUSDT,0.004972977221678219,0.025936742119623622,4
1000XECUSDT,MTLUSDT,-0.004830438535475247,0.008569527378947282,6
1000XECUSDT,TRBUSDT,-0.03997384990512007,0.011708070434799746,12
1000XECUSDT,XAIUSDT,-0.04125402589386101,0.015183393485855503,14
1000XECUSDT,KDAUSDT,0.023487563848307875,0.02260932513182201,8
1000XECUSDT,AEVOUSDT,-0.008151655529419696,0.024628258973731387,30
1000XECUSDT,GHSTUSDT,-0.09230312945364394,0.025564242860272014,36
1000XECUSDT,MBOXUSDT,-0.04977444041198586,0.01598702204704821,34
1000XECUSDT,SANDUSDT,0.006470346012147249,0.01854217327224351,2
1000XECUSDT,ORDIUSDT,-0.029695337529301667,0.0330720686762337,24
1000XECUSDT,ZRXUSDT,-0.0581155134264068,0.029611181727928197,24
1000XECUSDT,ENJUSDT,-0.05442730442247861,0.026738595607575338,30
1000XECUSDT,ICPUSDT,-0.010280286630352149,0.027480990756816523,6
1000XECUSDT,GALAUSDT,0.010672408827068824,0.033061705590470565,16
1000XECUSDT,MEWUSDT,-0.14800330767278924,0.02510491704705837,24
1000XECUSDT,SYSUSDT,-0.013814115195873656,0.02522148610643536,42
1000XECUSDT,APEUSDT,-0.051026591888854306,0.021758356168378828,32
1000XECUSDT,KSMUSDT,-0.028899863952002242,0.02843409733001028,34
1000XECUSDT,CELOUSDT,-0.10110385323182296,0.02475961594103378,30
1000XECUSDT,MTLUSDT,0.01318813468880023,0.03314178106669172,6
1000XECUSDT,TRBUSDT,-0.07997062043943759,0.030688631182397702,42
1000XECUSDT,XAIUSDT,-0.18919248549263906,0.038934627242081334,38
1000XECUSDT,KDAUSDT,-0.03391163569638657,0.02203056423251342,24
1000XECUSDT,AEVOUSDT,-0.028456536488376948,0.03205537397157002,30
1MBABYDOGEUSDT,ZENUSDT,0.0,0.0,0
1MBABYDOGEUSDT,ZENUSDT,0.0,0.0,0
1MBABYDOGEUSDT,ZENUSDT,0.0,0.0,0
1MBABYDOGEUSDT,ZENUSDT,-0.008013757074620292,0.04049304656166629,2
COWUSDT,ZENUSDT,0.0,0.0,0
COWUSDT,ZENUSDT,0.0,0.0,0
COWUSDT,ZENUSDT,0.0,0.0,0
COWUSDT,ZENUSDT,-0.010711118271437677,0.041841727160074976,2
TRBUSDT,ZENUSDT,0.0,0.0,0
TRBUSDT,GHSTUSDT,0.0,0.0,0
TRBUSDT,MBOXUSDT,0.0,0.0,0
TRBUSDT,SANDUSDT,0.0,0.0,0
TRBUSDT,ORDIUSDT,0.0,0.0,0
TRBUSDT,ZRXUSDT,0.0,0.0,0
TRBUSDT,ENJUSDT,0.0,0.0,0
TRBUSDT,ICPUSDT,0.0,0.0,0
TRBUSDT,JASMYUSDT,0.0,0.0,0
TRBUSDT,GALAUSDT,0.0,0.0,0
TRBUSDT,MEWUSDT,0.0,0.0,0
TRBUSDT,SYSUSDT,0.0,0.0,0
TRBUSDT,APEUSDT,0.0,0.0,0
TRBUSDT,KSMUSDT,0.0,0.0,0
TRBUSDT,CELOUSDT,0.0,0.0,0
TRBUSDT,1000XECUSDT,0.0,0.0,0
TRBUSDT,XAIUSDT,0.0,0.0,0
TRBUSDT,KDAUSDT,0.0,0.0,0
TRBUSDT,AEVOUSDT,0.0,0.0,0
TRBUSDT,MASKUSDT,0.0,0.0,0
TRBUSDT,ZENUSDT,0.0,0.0,0
TRBUSDT,GHSTUSDT,0.0,0.0,0
TRBUSDT,MBOXUSDT,0.0,0.0,0
TRBUSDT,SANDUSDT,0.0,0.0,0
TRBUSDT,ORDIUSDT,0.0,0.0,0
TRBUSDT,ZRXUSDT,0.0,0.0,0
TRBUSDT,ENJUSDT,0.0,0.0,0
TRBUSDT,ICPUSDT,0.0,0.0,0
TRBUSDT,JASMYUSDT,0.0,0.0,0
TRBUSDT,GALAUSDT,0.0,0.0,0
TRBUSDT,MEWUSDT,0.0,0.0,0
TRBUSDT,SYSUSDT,0.0,0.0,0
TRBUSDT,APEUSDT,0.0,0.0,0
TRBUSDT,KSMUSDT,0.0,0.0,0
TRBUSDT,CELOUSDT,0.0,0.0,0
TRBUSDT,1000XECUSDT,0.0,0.0,0
TRBUSDT,XAIUSDT,0.0,0.0,0
TRBUSDT,KDAUSDT,0.0,0.0,0
TRBUSDT,AEVOUSDT,0.0,0.0,0
TRBUSDT,MASKUSDT,0.0,0.0,0
TRBUSDT,ZENUSDT,0.0,0.0,0
TRBUSDT,GHSTUSDT,0.0,0.0,0
TRBUSDT,MBOXUSDT,0.0,0.0,0
TRBUSDT,SANDUSDT,0.0,0.0,0
TRBUSDT,ORDIUSDT,0.0,0.0,0
TRBUSDT,ZRXUSDT,0.0,0.0,0
TRBUSDT,ENJUSDT,0.0,0.0,0
TRBUSDT,ICPUSDT,0.0,0.0,0
TRBUSDT,JASMYUSDT,0.0,0.0,0
TRBUSDT,GALAUSDT,0.0,0.0,0
TRBUSDT,MEWUSDT,0.0,0.0,0
TRBUSDT,SYSUSDT,0.0,0.0,0
TRBUSDT,APEUSDT,0.0,0.0,0
TRBUSDT,KSMUSDT,0.0,0.0,0
TRBUSDT,CELOUSDT,0.0,0.0,0
TRBUSDT,1000XECUSDT,0.0,0.0,0
TRBUSDT,XAIUSDT,0.0,0.0,0
TRBUSDT,KDAUSDT,0.0,0.0,0
TRBUSDT,AEVOUSDT,0.0,0.0,0
TRBUSDT,MASKUSDT,0.0,0.0,0
TRBUSDT,ZENUSDT,0.014112780607549004,0.005660785527861739,2
TRBUSDT,GHSTUSDT,-0.0403976922128967,0.0273080797286993,28
TRBUSDT,MBOXUSDT,-0.0908163286023569,0.028459480389259252,34
TRBUSDT,SANDUSDT,-0.03162196967485846,0.028858178931927013,34
TRBUSDT,ORDIUSDT,-0.03952948312688632,0.03558530927444643,12
TRBUSDT,ZRXUSDT,-0.0033989359805306416,0.029598916668480142,34
TRBUSDT,ENJUSDT,-0.022976301560958437,0.03228531660512924,6
TRBUSDT,ICPUSDT,-0.030977890185313744,0.030518572557469845,24
TRBUSDT,JASMYUSDT,-0.03653501039682956,0.03241172781876329,6
TRBUSDT,GALAUSDT,-0.06138633258972069,0.03188258267230467,28
TRBUSDT,MEWUSDT,-0.09295489137277224,0.026348072085027506,36
TRBUSDT,SYSUSDT,-0.0465527103999326,0.02994605396684,20
TRBUSDT,APEUSDT,-0.10693572595159453,0.02669067489614379,36
TRBUSDT,KSMUSDT,0.0,0.0,0
TRBUSDT,CELOUSDT,0.005963607933412492,0.021803983736177472,4
TRBUSDT,1000XECUSDT,-0.029630381488313574,0.026821161283987743,34
TRBUSDT,XAIUSDT,-0.01731187170651964,0.030558675355082405,6
TRBUSDT,KDAUSDT,-0.025644395911973292,0.028123200153127328,6
TRBUSDT,AEVOUSDT,-0.035052952754229344,0.028688308506151512,34
TRBUSDT,MASKUSDT,-0.05404050668425985,0.026464463184297817,34
XAIUSDT,ZENUSDT,0.0,0.0,0
XAIUSDT,GHSTUSDT,0.0,0.0,0
XAIUSDT,MBOXUSDT,0.0,0.0,0
XAIUSDT,SANDUSDT,0.0,0.0,0
XAIUSDT,ORDIUSDT,0.0,0.0,0
XAIUSDT,ZRXUSDT,0.0,0.0,0
XAIUSDT,ENJUSDT,0.0,0.0,0
XAIUSDT,ICPUSDT,0.0,0.0,0
XAIUSDT,JASMYUSDT,0.0,0.0,0
XAIUSDT,GALAUSDT,0.0,0.0,0
XAIUSDT,MEWUSDT,0.0,0.0,0
XAIUSDT,SYSUSDT,0.0,0.0,0
XAIUSDT,APEUSDT,0.0,0.0,0
XAIUSDT,KSMUSDT,0.0,0.0,0
XAIUSDT,CELOUSDT,0.0,0.0,0
XAIUSDT,1000XECUSDT,0.0,0.0,0
XAIUSDT,TRBUSDT,0.0,0.0,0
XAIUSDT,KDAUSDT,0.0,0.0,0
XAIUSDT,AEVOUSDT,0.0,0.0,0
XAIUSDT,MASKUSDT,0.0,0.0,0
XAIUSDT,ZENUSDT,0.0,0.0,0
XAIUSDT,GHSTUSDT,0.0,0.0,0
XAIUSDT,MBOXUSDT,0.0,0.0,0
XAIUSDT,SANDUSDT,0.0,0.0,0
XAIUSDT,ORDIUSDT,0.0,0.0,0
XAIUSDT,ZRXUSDT,0.0,0.0,0
XAIUSDT,ENJUSDT,0.0,0.0,0
XAIUSDT,ICPUSDT,0.0,0.0,0
XAIUSDT,JASMYUSDT,0.0,0.0,0
XAIUSDT,GALAUSDT,0.0,0.0,0
XAIUSDT,MEWUSDT,0.0,0.0,0
XAIUSDT,SYSUSDT,0.0,0.0,0
XAIUSDT,APEUSDT,0.0,0.0,0
XAIUSDT,KSMUSDT,0.0,0.0,0
XAIUSDT,CELOUSDT,0.0,0.0,0
XAIUSDT,1000XECUSDT,0.0,0.0,0
XAIUSDT,TRBUSDT,0.0,0.0,0
XAIUSDT,KDAUSDT,0.0,0.0,0
XAIUSDT,AEVOUSDT,0.0,0.0,0
XAIUSDT,MASKUSDT,0.0,0.0,0
XAIUSDT,ZENUSDT,0.0,0.0,0
XAIUSDT,GHSTUSDT,0.0,0.0,0
XAIUSDT,MBOXUSDT,0.0,0.0,0
XAIUSDT,SANDUSDT,0.0,0.0,0
XAIUSDT,ORDIUSDT,0.0,0.0,0
XAIUSDT,ZRXUSDT,0.0,0.0,0
XAIUSDT,ENJUSDT,0.0,0.0,0
XAIUSDT,ICPUSDT,0.0,0.0,0
XAIUSDT,JASMYUSDT,0.0,0.0,0
XAIUSDT,GALAUSDT,0.0,0.0,0
XAIUSDT,MEWUSDT,0.0,0.0,0
XAIUSDT,SYSUSDT,0.0,0.0,0
XAIUSDT,APEUSDT,0.0,0.0,0
XAIUSDT,KSMUSDT,0.0,0.0,0
XAIUSDT,CELOUSDT,0.0,0.0,0
XAIUSDT,1000XECUSDT,0.0,0.0,0
XAIUSDT,TRBUSDT,0.0,0.0,0
XAIUSDT,KDAUSDT,0.0,0.0,0
XAIUSDT,AEVOUSDT,0.0,0.0,0
XAIUSDT,MASKUSDT,0.0,0.0,0
XAIUSDT,ZENUSDT,-0.008396312013220199,0.04068432403096624,2
XAIUSDT,GHSTUSDT,0.04496372291534226,0.022937757373022116,26
XAIUSDT,MBOXUSDT,-0.04134225532226357,0.035244107840374274,32
XAIUSDT,SANDUSDT,-0.02956785403491645,0.0225016887847896,12
XAIUSDT,ORDIUSDT,-0.0175441106234408,0.03235438964782181,16
XAIUSDT,ZRXUSDT,-0.09926922409983825,0.015910366867096126,20
XAIUSDT,ENJUSDT,-0.03201920981744309,0.041455632991006956,18
XAIUSDT,ICPUSDT,-0.026141876746244692,0.024244103434278956,16
XAIUSDT,JASMYUSDT,-0.10100530503067609,0.03336162536699994,28
XAIUSDT,GALAUSDT,-0.053099419363333705,0.04047285155151633,28
XAIUSDT,MEWUSDT,-0.06837769064693386,0.033652949222670835,26
XAIUSDT,SYSUSDT,-0.10394488215372087,0.03628730482057268,26
XAIUSDT,APEUSDT,-0.06069306542050287,0.022782922919308182,28
XAIUSDT,KSMUSDT,-0.02952960464159338,0.02842613058043954,26
XAIUSDT,CELOUSDT,-0.0329627091202985,0.01767806023377476,22
XAIUSDT,1000XECUSDT,-0.07001209389792443,0.034373630008739615,24
XAIUSDT,TRBUSDT,-0.04543826889507491,0.03165438562896177,32
XAIUSDT,KDAUSDT,-0.006469956436933617,0.017259079853654137,24
XAIUSDT,AEVOUSDT,-0.036708733476184835,0.020013376604896146,28
XAIUSDT,MASKUSDT,-0.044791757945688584,0.013947222520394176,24
KDAUSDT,ZENUSDT,0.0,0.0,0
KDAUSDT,GHSTUSDT,0.0,0.0,0
KDAUSDT,MBOXUSDT,0.0,0.0,0
KDAUSDT,SANDUSDT,0.0,0.0,0
KDAUSDT,ORDIUSDT,0.0,0.0,0
KDAUSDT,ZRXUSDT,0.0,0.0,0
KDAUSDT,ENJUSDT,0.0,0.0,0
KDAUSDT,ICPUSDT,0.0,0.0,0
KDAUSDT,JASMYUSDT,0.0,0.0,0
KDAUSDT,GALAUSDT,0.0,0.0,0
KDAUSDT,MEWUSDT,0.0,0.0,0
KDAUSDT,SYSUSDT,0.0,0.0,0
KDAUSDT,APEUSDT,0.0,0.0,0
KDAUSDT,KSMUSDT,0.0,0.0,0
KDAUSDT,CELOUSDT,0.0,0.0,0
KDAUSDT,1000XECUSDT,0.0,0.0,0
KDAUSDT,TRBUSDT,0.0,0.0,0
KDAUSDT,XAIUSDT,0.0,0.0,0
KDAUSDT,AEVOUSDT,0.0,0.0,0
KDAUSDT,MASKUSDT,0.0,0.0,0
KDAUSDT,ZENUSDT,0.0,0.0,0
KDAUSDT,GHSTUSDT,0.0,0.0,0
KDAUSDT,MBOXUSDT,0.0,0.0,0
KDAUSDT,SANDUSDT,0.0,0.0,0
KDAUSDT,ORDIUSDT,0.0,0.0,0
KDAUSDT,ZRXUSDT,0.0,0.0,0
KDAUSDT,ENJUSDT,0.0,0.0,0
KDAUSDT,ICPUSDT,0.0,0.0,0
KDAUSDT,JASMYUSDT,0.0,0.0,0
KDAUSDT,GALAUSDT,0.0,0.0,0
KDAUSDT,MEWUSDT,0.0,0.0,0
KDAUSDT,SYSUSDT,0.0,0.0,0
KDAUSDT,APEUSDT,0.0,0.0,0
KDAUSDT,KSMUSDT,0.0,0.0,0
KDAUSDT,CELOUSDT,0.0,0.0,0
KDAUSDT,1000XECUSDT,0.0,0.0,0
KDAUSDT,TRBUSDT,0.0,0.0,0
KDAUSDT,XAIUSDT,0.0,0.0,0
KDAUSDT,AEVOUSDT,0.0,0.0,0
KDAUSDT,MASKUSDT,0.0,0.0,0
KDAUSDT,ZENUSDT,0.0,0.0,0
KDAUSDT,GHSTUSDT,0.0,0.0,0
KDAUSDT,MBOXUSDT,0.0,0.0,0
KDAUSDT,SANDUSDT,0.0,0.0,0
KDAUSDT,ORDIUSDT,0.0,0.0,0
KDAUSDT,ZRXUSDT,0.0,0.0,0
KDAUSDT,ENJUSDT,0.0,0.0,0
KDAUSDT,ICPUSDT,0.0,0.0,0
KDAUSDT,JASMYUSDT,0.0,0.0,0
KDAUSDT,GALAUSDT,0.0,0.0,0
KDAUSDT,MEWUSDT,0.0,0.0,0
KDAUSDT,SYSUSDT,0.0,0.0,0
KDAUSDT,APEUSDT,0.0,0.0,0
KDAUSDT,KSMUSDT,0.0,0.0,0
KDAUSDT,CELOUSDT,0.0,0.0,0
KDAUSDT,1000XECUSDT,0.0,0.0,0
KDAUSDT,TRBUSDT,0.0,0.0,0
KDAUSDT,XAIUSDT,0.0,0.0,0
KDAUSDT,AEVOUSDT,0.0,0.0,0
KDAUSDT,MASKUSDT,0.0,0.0,0
KDAUSDT,ZENUSDT,-0.007438731097409855,0.04020553357306107,2
KDAUSDT,GHSTUSDT,0.1191143862838313,0.02196959000589856,40
KDAUSDT,MBOXUSDT,0.006150420977222886,0.026634766484891274,18
KDAUSDT,SANDUSDT,-0.0028743050825655765,0.03302090677590371,12
KDAUSDT,ORDIUSDT,-0.017652337235570574,0.030592494926318815,16
KDAUSDT,ZRXUSDT,0.02535436348667893,0.025509425684982732,4
KDAUSDT,ENJUSDT,0.021419191290554834,0.02750678229889284,12
KDAUSDT,ICPUSDT,-0.07207715529891617,0.02398430162187518,16
KDAUSDT,JASMYUSDT,-0.01486054019986982,0.030718241463793296,12
KDAUSDT,GALAUSDT,-0.01666440060517195,0.023436895780191865,14
KDAUSDT,MEWUSDT,-0.02553500115563828,0.020523538665597637,16
KDAUSDT,SYSUSDT,-0.02130977353934651,0.02109900670731374,14
KDAUSDT,APEUSDT,-0.05346819524111912,0.026743828130126292,32
KDAUSDT,KSMUSDT,-0.035411220429254125,0.024064204894331746,26
KDAUSDT,CELOUSDT,0.023234078090570192,0.02071958972480736,12
KDAUSDT,1000XECUSDT,-0.02754771269918385,0.021950048007935857,18
KDAUSDT,TRBUSDT,-0.04473454687916041,0.029150022700581656,12
KDAUSDT,XAIUSDT,-0.007368392305716752,0.02521401459662402,24
KDAUSDT,AEVOUSDT,0.027579221683866104,0.0234501850613524,24
KDAUSDT,MASKUSDT,-0.04881600683028712,0.014683809949820676,18
AEVOUSDT,ZENUSDT,0.0,0.0,0
AEVOUSDT,GHSTUSDT,0.0,0.0,0
AEVOUSDT,MBOXUSDT,0.0,0.0,0
AEVOUSDT,SANDUSDT,0.0,0.0,0
AEVOUSDT,ORDIUSDT,0.0,0.0,0
AEVOUSDT,ZRXUSDT,0.0,0.0,0
AEVOUSDT,ENJUSDT,0.0,0.0,0
AEVOUSDT,ICPUSDT,0.0,0.0,0
AEVOUSDT,JASMYUSDT,0.0,0.0,0
AEVOUSDT,GALAUSDT,0.0,0.0,0
AEVOUSDT,MEWUSDT,0.0,0.0,0
AEVOUSDT,SYSUSDT,0.0,0.0,0
AEVOUSDT,APEUSDT,0.0,0.0,0
AEVOUSDT,KSMUSDT,0.0,0.0,0
AEVOUSDT,CELOUSDT,0.0,0.0,0
AEVOUSDT,1000XECUSDT,0.0,0.0,0
AEVOUSDT,TRBUSDT,0.0,0.0,0
AEVOUSDT,XAIUSDT,0.0,0.0,0
AEVOUSDT,KDAUSDT,0.0,0.0,0
AEVOUSDT,MASKUSDT,0.0,0.0,0
AEVOUSDT,ZENUSDT,0.0,0.0,0
AEVOUSDT,GHSTUSDT,0.0,0.0,0
AEVOUSDT,MBOXUSDT,0.0,0.0,0
AEVOUSDT,SANDUSDT,0.0,0.0,0
AEVOUSDT,ORDIUSDT,0.0,0.0,0
AEVOUSDT,ZRXUSDT,0.0,0.0,0
AEVOUSDT,ENJUSDT,0.0,0.0,0
AEVOUSDT,ICPUSDT,0.0,0.0,0
AEVOUSDT,JASMYUSDT,0.0,0.0,0
AEVOUSDT,GALAUSDT,0.0,0.0,0
AEVOUSDT,MEWUSDT,0.0,0.0,0
AEVOUSDT,SYSUSDT,0.0,0.0,0
AEVOUSDT,APEUSDT,0.0,0.0,0
AEVOUSDT,KSMUSDT,0.0,0.0,0
AEVOUSDT,CELOUSDT,0.0,0.0,0
AEVOUSDT,1000XECUSDT,0.0,0.0,0
AEVOUSDT,TRBUSDT,0.0,0.0,0
AEVOUSDT,XAIUSDT,0.0,0.0,0
AEVOUSDT,KDAUSDT,0.0,0.0,0
AEVOUSDT,MASKUSDT,0.0,0.0,0
AEVOUSDT,ZENUSDT,0.0,0.0,0
AEVOUSDT,GHSTUSDT,0.0,0.0,0
AEVOUSDT,MBOXUSDT,0.0,0.0,0
AEVOUSDT,SANDUSDT,0.0,0.0,0
AEVOUSDT,ORDIUSDT,0.0,0.0,0
AEVOUSDT,ZRXUSDT,0.0,0.0,0
AEVOUSDT,ENJUSDT,0.0,0.0,0
AEVOUSDT,ICPUSDT,0.0,0.0,0
AEVOUSDT,JASMYUSDT,0.0,0.0,0
AEVOUSDT,GALAUSDT,0.0,0.0,0
AEVOUSDT,MEWUSDT,0.0,0.0,0
AEVOUSDT,SYSUSDT,0.0,0.0,0
AEVOUSDT,APEUSDT,0.0,0.0,0
AEVOUSDT,KSMUSDT,0.0,0.0,0
AEVOUSDT,CELOUSDT,0.0,0.0,0
AEVOUSDT,1000XECUSDT,0.0,0.0,0
AEVOUSDT,TRBUSDT,0.0,0.0,0
AEVOUSDT,XAIUSDT,0.0,0.0,0
AEVOUSDT,KDAUSDT,0.0,0.0,0
AEVOUSDT,MASKUSDT,0.0,0.0,0
AEVOUSDT,ZENUSDT,-0.007132604538820593,0.040052470293766435,2
AEVOUSDT,GHSTUSDT,0.008158532014198881,0.028242236644758893,20
AEVOUSDT,MBOXUSDT,-0.004585417343939975,0.018669982906336924,8
AEVOUSDT,SANDUSDT,-0.01579230556659033,0.017020554940682327,16
AEVOUSDT,ORDIUSDT,-0.0446155010384857,0.02831692784572047,16
AEVOUSDT,ZRXUSDT,-0.18252666330348086,0.021792118279045182,32
AEVOUSDT,ENJUSDT,-0.005620672365890153,0.016784843011473025,2
AEVOUSDT,ICPUSDT,0.0,0.0,0
AEVOUSDT,JASMYUSDT,-0.07796241834329876,0.019880460920963187,24
AEVOUSDT,GALAUSDT,-0.03627453126875697,0.019382714324655367,24
AEVOUSDT,MEWUSDT,-0.03853684081285225,0.017703649343651144,24
AEVOUSDT,SYSUSDT,-0.027976791637264877,0.020724949305402546,14
AEVOUSDT,APEUSDT,-0.044802558262702616,0.019642445010111455,28
AEVOUSDT,KSMUSDT,-0.008301428563514998,0.024976506581789504,26
AEVOUSDT,CELOUSDT,0.0,0.0,0
AEVOUSDT,1000XECUSDT,0.04211916238202589,0.01908917301021541,16
AEVOUSDT,TRBUSDT,-0.018341359629623605,0.029551941340888777,30
AEVOUSDT,XAIUSDT,-0.03137812407428632,0.018365797908022216,22
AEVOUSDT,KDAUSDT,0.003353057964858416,0.0140039292027963,20
AEVOUSDT,MASKUSDT,-0.054436931458592144,0.012486810701715756,26
MASKUSDT,ZENUSDT,0.0,0.0,0
MASKUSDT,GHSTUSDT,0.0,0.0,0
MASKUSDT,MBOXUSDT,0.0,0.0,0
MASKUSDT,SANDUSDT,0.0,0.0,0
MASKUSDT,ZRXUSDT,0.0,0.0,0
MASKUSDT,ENJUSDT,0.0,0.0,0
MASKUSDT,ICPUSDT,0.0,0.0,0
MASKUSDT,GALAUSDT,0.0,0.0,0
MASKUSDT,MEWUSDT,0.0,0.0,0
MASKUSDT,SYSUSDT,0.0,0.0,0
MASKUSDT,APEUSDT,0.0,0.0,0
MASKUSDT,CELOUSDT,0.0,0.0,0
MASKUSDT,TRBUSDT,0.0,0.0,0
MASKUSDT,XAIUSDT,0.0,0.0,0
MASKUSDT,KDAUSDT,0.0,0.0,0
MASKUSDT,AEVOUSDT,0.0,0.0,0
MASKUSDT,ZENUSDT,0.0,0.0,0
MASKUSDT,GHSTUSDT,0.0,0.0,0
MASKUSDT,MBOXUSDT,0.0,0.0,0
MASKUSDT,SANDUSDT,0.0,0.0,0
MASKUSDT,ZRXUSDT,0.0,0.0,0
MASKUSDT,ENJUSDT,0.0,0.0,0
MASKUSDT,ICPUSDT,0.0,0.0,0
MASKUSDT,GALAUSDT,0.0,0.0,0
MASKUSDT,MEWUSDT,0.0,0.0,0
MASKUSDT,SYSUSDT,0.0,0.0,0
MASKUSDT,APEUSDT,0.0,0.0,0
MASKUSDT,CELOUSDT,0.0,0.0,0
MASKUSDT,TRBUSDT,0.0,0.0,0
MASKUSDT,XAIUSDT,0.0,0.0,0
MASKUSDT,KDAUSDT,0.0,0.0,0
MASKUSDT,AEVOUSDT,0.0,0.0,0
MASKUSDT,ZENUSDT,0.0,0.0,0
MASKUSDT,GHSTUSDT,0.0,0.0,0
MASKUSDT,MBOXUSDT,0.0,0.0,0
MASKUSDT,SANDUSDT,0.0,0.0,0
MASKUSDT,ZRXUSDT,0.0,0.0,0
MASKUSDT,ENJUSDT,0.0,0.0,0
MASKUSDT,ICPUSDT,0.0,0.0,0
MASKUSDT,GALAUSDT,0.0,0.0,0
MASKUSDT,MEWUSDT,0.0,0.0,0
MASKUSDT,SYSUSDT,0.0,0.0,0
MASKUSDT,APEUSDT,0.0,0.0,0
MASKUSDT,CELOUSDT,0.0,0.0,0
MASKUSDT,TRBUSDT,0.0,0.0,0
MASKUSDT,XAIUSDT,0.0,0.0,0
MASKUSDT,KDAUSDT,0.0,0.0,0
MASKUSDT,AEVOUSDT,0.0,0.0,0
MASKUSDT,ZENUSDT,-0.0030131995090240324,0.03799276777886816,2
MASKUSDT,GHSTUSDT,-0.04287889917451654,0.012876038102559636,24
MASKUSDT,MBOXUSDT,-0.07045618885127057,0.013225663324020804,22
MASKUSDT,SANDUSDT,0.014559799690225698,0.015939599307958355,20
MASKUSDT,ZRXUSDT,-0.00026791855719894564,0.01685168351731261,22
MASKUSDT,ENJUSDT,-0.06413165120063626,0.01385183682854925,22
MASKUSDT,ICPUSDT,-0.004340153542283398,0.01471565770566939,4
MASKUSDT,GALAUSDT,-0.02120485670851535,0.01538207829265517,22
MASKUSDT,MEWUSDT,-0.08551079175686378,0.013779727635558887,24
MASKUSDT,SYSUSDT,-0.08215210093242521,0.01310512953436636,20
MASKUSDT,APEUSDT,-0.04335576571168151,0.011964437384306236,16
MASKUSDT,CELOUSDT,-0.007025678338365107,0.014211294755760403,24
MASKUSDT,TRBUSDT,-0.05801281053345453,0.02711927145234401,32
MASKUSDT,XAIUSDT,-0.04380124477804151,0.013802072339545075,24
MASKUSDT,KDAUSDT,-0.07168200830864993,0.015537246480857522,30
MASKUSDT,AEVOUSDT,-0.05389320442988331,0.012376844285303399,26
